id,name,code
1311,"0.4, zobozdravstvene storitve d.o.o.",24485
1018,1A- DENT ZOBJE d.o.o.,14664
1296,A DENT d.o.o.,25027
174,A.MLINAR d.o.o.-parodontologija Koper,25051
1271,A.MLINAR d.o.o.-parodontologija Koper 2,25051
1257,A.MLINAR d.o.o.-zobozdravstvo odrasli,25051
1021,"A.S. LINEA, D.O.O.",27142
1621,"AB Nasmeh, zobozdravstvene in druge storitve, d.o.o.",01167
1446,A-Dens d.o.o.,55152
1279,AERODENT d.o.o.,12866
711,"AGENCIJA AVANTA d.o.o., Ljubljana",55019
1263,"ALERGOLOŠKA  PEDIATRIČNA ORDINACIJA, VESNA PLEVNIK VODUŠEK DR. MED. ",00145
1677,ALERGOLOŠKA ORDINACIJA MARJETA TOMŠIČ,00972
712,AL-MEDICO,24436
561,"ALVEOLA D.O.O. ALBERT KLOBUČAR, DR. MED.",20415
1425,Ambrožič - Korošec Andreja - Dejavnost zobozdravstva odraslih,19351
1085,AMBROŽIČ SELINA - ZASEBNA ZOBNA ORDINACIJA,33052
352,AMBULANTA ARIA D.O.O.,31309
277,Ambulanta Čebelica d.o.o.,20698
1617,Ambulanta fiziatrija,00956
285,"Ambulanta za ginekologijo in por. ter bolezni dojk Danica Hrvatin, dr.med.",25098
544,"AMBULANTA ZA MAKSILOFACIALNO IN ORALNO KIRURGIJO IN ZOBOZDRAVSTVO, MARIJA CIGLER, DR.DENT.MED.",14560
23,"Ambulanta za oralno kirurgijo - DENIS HASANAGIĆ, DR.DENT.MED.SPEC.",20636
931,Ana Krajnc - fizioterapija,00003
713,Animula d.o.o.,55004
1568,Anka Perpar - BELI DENT Zobna ordinacija,55196
307,APEKS D.O.O.,27147
1245,APEX-T.A ZOBOZDRAVSTVO D.O.O.,24365
272,ARBORMEA MEDICAL D.O.O.,55153
275,Archimed d.o.o.,20047
954,Ardea d.o.o. ,55256
186,Ardens d.o.o.,25287
218,ARJANA MAČEK d.o.o.,24437
219,ART OPTIKA d.o.o.,33081
801,"ARTROS, D.O.O.",55017
345,asist. Dr. MEDJEDOVIC ISMET - Kirurška ambulanta,12813
974,ATELJE D d.o.o.,20624
276,AVELANA d.o.o.,29196
191,AZUR Zdravstveni zavod - Nevrološka ambulanta Lesce,04965
1671,B.D.D.-DENTAL zobozdravstvena dejavnost d.o.o.,00826
1273,BAN-FRIŠČIČ GORDANA - DOKTOR STOMATOLOGIJE,24970
537,BARSOS-MC D.O.O.,12971
1404,Bartolić-Martinez Željka - Zasebna zobna ambulanta,20376
1103,BELEHAR URBAN - 2 LEVA,27231
1589,"BELI MEDVED d.o.o., Radovljica",27024
172,BELI MEDVED D.O.O.-ortodontija,27024
1093,BERANIČ STANISLAV - DOKTOR STOMATOLOGIJE,19412
1364,Bezenšek Karolina (Zasebna Fizioterapija),20248
1157,BH AJA D.O.O.,20607
1153,BIOZOBOZDRAVSTVO D.O.O.,27281
1383,"Blaž Kalan, dr.dent.med.-Zasebna zobna ordinacija",27239
1114,"BLAŽ KNEZ, DR. DENT. MED., ZOBNA ORDINACIJA",25298
1148,BODENT D.O.O.,17240
1417,Boljka Duša - Zobna ordinacija,24059
297,BOLNIŠNICA SEŽANA,03771
676,BOLNIŠNICA TOPOLŠICA,09601
322,BOLNIŠNICA ZA GINEKOLOGIJO IN PORODNIŠTVO KRANJ,04031
812,Bolnišnica za otroke Šentvid pri Stični,11661
296,BOLNIŠNICA ZA ŽENSKE BOLEZNI IN PORODNIŠTVO POSTOJNA,03751
1205,bp d.o.o.,17197
1272,BRANČURNIK D.O.O.,14551
558,Breda JELEN-SOBOČAN - psihiatrična ordinacija,24094
861,Breitenberger Katarina - višja fizioterapevtka,24051
279,BROVET d.o.o.,55202
715,CARDIAL d.o.o.,24994
1288,"Center za aktivno zdravje, Zasebna fizioterapija Barbara Klančič, dipl.fiziot.",00156
542,"CENTER ZA KOMUNIKACIJO, SLUH IN GOVOR PORTOROŽ",25146
838,CENTER ZA SLUH IN GOVOR MARIBOR,20215
1025,"CHUM - ZIERER VESNA, dr.dent.med. - ZOBNA AMBULANTA",20344
1313,CIMAN ROBERT - ZOBNA ORDINACIJA,33020
1379,Corona Dentis d.o.o.,20220
1165,CUSPIS ZOBOZDRAVSTVO D.O.O.,20482
1107,CVELBAR JUDITA - ZASEBNA ZOBOZDRAVSTVENA ORDINACIJA,24296
1334,CYCLOPET d.o.o.,55243
871,Čebokelj Petra (Zasebna Fizioterapija),31236
12,Čigon Anamarija - stomatološka ordinacija,24783
1656,DANCE-DENT d.o.o.,01267
716,Daruma d.o.o.,55006
1304,"Davor Štanfel, dr.dent.med.-Zasebna stomatološka ordinacija",25127
1373,Debelak Simona - Zobozdravstvena ordinacija,27028
1026,"DEJAN EBENŠPANGER, dr.dent.med. - ZOBNA ORDINACIJA",17094
1281,"DEJAN STOJANOV, dr.dent.med.zasebni zobozdravnik",00109
1033,DENIS AČKO JARKOVIČ DR.DENT.MED. ZOBNA AMBULANTA,25265
1448,"Denis Džanković, dr.dent.med., Zasebna zobozdravstvena ordinacija",29269
1561,DENS BARLIČ d.o.o.,31261
1680,DENS CANINUS d.o.o,01283
1565,DENT MEDICO TERAN d.o.o.,00401
332,DENTAL ART D.O.O.,31214
1407,"DENTAL B, zobozdravstvene in zdravstvene storitve, d.o.o.",20664
1137,Dental center d.o.o.,20579
1560,Dental Design d.o.o.,24315
1679,"DENTAL PRO, zobozdravstvena dejavnost, Georg Bolis s.p.",01005
1363,DENTALEN-TERJAK DRUŽBA ZA ZOBOZDRAVSTVENO DEJAVNOST D.O.O.,20141
1515,"DENTALNA AKADEMIJA D.O.O. - Saša Savić, dr.dent.med., spec.",00238
1657,Dentalni atelje d.o.o.,00903
1319,Dentalni center dr. Lah Kravanja d.o.o.-Ortodontija Bovec,33091
1547,Dentalni center dr. Lah Kravanja d.o.o.-Ortodontija Tolmin,33091
1503,Dentalni center dr. Lah Kravanja d.o.o.-Zobozdravstvo odrasli,33091
1678,"Dentalni center Jakoš, d.o.o.",01544
1435,"DENTALNI IN ESTETSKI STUDIO VB, d.o.o.",20730
1207,"DENTALNI STUDIO AS - ZORIČ HOMAN ALEKSANDRA, DR. DENT. MED.",55072
1128,DENTALNI STUDIO BARBARA ŠKRLJ GOLOB,24431
179,"Dentalni studio Manja Pavlič, dr.dent.med.",20513
1073,DENTALNI STUDIO MB D.O.O.,20670
1443,"DENTAMEDICA, d.o.o.",20633
1338,DENTART d.o.o.,24802
1520,DENTEC - Zdravstvene storitve d.o.o.,25067
1660,"DENTEX, zobozdravstvene storitve d.o.o.",55145
1186,Dentiko d.o.o. - zobna ambulanta ,20652
1635,DENTIM zobozdravstvo d.o.o.,29255
1328,Dentin d.o.o.,20490
1684,"DentisMed, zobozdravstvo in druge storitve d.o.o.",01587
1419,Dentmed d.o.o.,20672
1231,DEPIK d.o.o.,24516
310,"DERMA SAN, d.o.o.",31308
1510,"Dermadent, d.o.o. Ljubljana, PE Dermatologija Dermadent",24871
584,"DERMAMED SPECIALISTICNA AMBULANTA LIDIJA PUSTAI-ŠAFARIC, DR.MED., SPEC.DERMATOVENEROLOG",17115
1136,Dermastja Desislava-Zasebna zobozdravstvena ordinacija,55066
1506,Dermatologija Bartenjev d.o.o.,24320
717,Dermatologija Maja Kalac Pandurovic d.o.o.,20697
538,Dermatologija Rogl Fabjan,24346
1514,DERMATOLOŠKI CENTER FABJAN,00244
220,Dermatovenerologija Natalija Evdakova Bodiroža,27269
274,DERMIS Spec. derm. alergološka ambulanta d.o.o.,29208
547,Diagnostični center Agatonović d.o.o.,27214
702,DIAGNOSTIČNI CENTER BLED D.O.O.,04970
1567,DIAGNOSTIČNI CENTER ROGAŠKA D.O.O.,00495
546,"Diagnostika d.o.o, Zdravko Tošović, internist",27064
1346,Diana Okretič - Zobozdravstvena ordinacija,25154
1637,DIDENT D.O.O.,27255
309,"DIGITALNA SLIKOVNA DIAGNOSTIKA, d.o.o.",20663
1068,DIKIĆ KRSTINIĆ SNEŽANA - ZOBOZDRAVSTVO ODRASLIH,24773
1655,DK DENT zobozdravstvo in druge storitve d.o.o.,01268
16,"DKC, dentalno kirurški center, d.o.o.",55015
1436,DODODENT d.o.o.,24425
882,Dom dr. Jožeta Potrča Poljčane,20216
1582,Dom starejših občanov Polde Eberl - Jamski ,12610
959,Dom upokojencev Ptuj,20218
1123,DOMICIJAN D.O.O.,27148
564,"DR. KOŠUTIC, INTERNISTICNA GASTROENTEROLOŠKA AMBULANTA",31067
580,"DR. POŠTENJAK D.O.O. SPECIALISTICNA PSIHIATRICNA AMBULANTNA DEJAVNOST, MAG.SCI. VLADIMIR POŠTENJAK",20387
13,Dr.ČOK DENTAL ZOBOZDRAVSTVO d.o.o.,25257
180,"Dr.Pavšič d.o.o., PE Škofja Loka",24221
590,DR.ŠEGOTA - PULMOLOG. D.O.O. SPECIALISTIČNE ZDRAVSTVENE STORITVE,31298
1060,"DUA DENT, ZOBOZDRAVSTVENE STORITVE, D.O.O.",33123
1513,"E.A.T. d.o.o. - prof.dr.Martina Drevenšek, dr.dent.med.,spec.",00253
1644,E.A.T. d.o.o. 2,00253
1615,ECOOP d.o.o.,00299
1588,"ELiTE DENTAL, zobozdravstveni center d.o.o.",00986
1627,ELIZABETA ZALETEL - ZOBOZDRAVSTVENA DEJAVNOST - ČELJUSTNA IN ZOBNA ORTOPEDIJA IN SPLOŠNO ZOBOZDRAVST,01193
720,EMOTIVA d.o.o.,27213
159,ENDODENT d.o.o.,24336
551,ENDOMED D.O.O.,19492
1483,Eršte Božena - Zasebna stomatološka ordinacija,20143
1375,Espoir d.o.o.,55028
1570,ESTETIKA d.o.o.,27168
825,Estetika Fabjan d.o.o. splošna in plastična kirurgija,27139
222,EUPNEA internistična ambulanta d.o.o.,17056
1599,"EVA, PODJETJE ZA ZDRAVSTVENO DEJAVNOST KRŠKO D.O.O.",29169
1216,FA Dental,00047
1558,FABJAN BEAUTY d.o.o.,00432
1232,FELE ŽUJIČ ANICA - ZASEBNA ZOBNA ORDINACIJA,24039
18,Ferdent d.o.o.,31284
1138,FERRAN DENT d.o.o.,27249
1187,FIDELITAS d.o.o.,25222
943,FIMEDIA FIZIOTERAPIJA D.O.O.,20189
872,"FIZIKALIJA, FIZIKALNA REHABILITACIJA d.o.o. Varmuž",25237
901,Fizio Andrea,24360
918,Fizio center plus d.o.o.,55021
925,FIZIO.BK FIZIOTERAPIJA storitve in svetovanje d.o.o.,20746
961,FIZIOLILI LILI ŠILER S.P.,29237
906,Fizioterapevtski zavod Marchetti Maribor,20699
927,Fizioterapija Alenka Jerič Jaklič,12959
1150,"FIZIOTERAPIJA FIZIO SMART, Aleša Kloosterwaard",00121
874,Fizioterapija Frank d.o.o.,25344
870,FIZIOTERAPIJA HELENA BELIN,31221
1646,Fizioterapija in kineziologija Sluga d.o.o.,01241
878,Fizioterapija Ines Lenček,25264
910,Fizioterapija Ivanšek,24082
1620,Fizioterapija Jamnišek d.o.o.,01123
944,FIZIOTERAPIJA MAJCEN d.o.o.,29252
880,Fizioterapija Majda Klakočer,31040
900,Fizioterapija Marija Murn,24357
902,Fizioterapija Marinka,24359
929,Fizioterapija MEDA,17078
897,Fizioterapija Mirjana Krajnik,24076
1429,Fizioterapija Mužar – Andreja Mužar,29147
1651,Fizioterapija Pika d.o.o.,01134
1295,Fizioterapija Plešnik s.p.,02886
883,Fizioterapija Pogačar,24106
945,Fizioterapija Reven d.o.o.,55219
948,FIZIOTERAPIJA RUDOLFOVO D.O.O.,29253
862,FIZIOTERAPIJA SEŽANA,25049
1580,Fizioterapija Simon Bole S.P,00280
1654,FIZIOTERAPIJA SMO d.o.o. ,01233
1659,FIZIOTERAPIJA ŠOŠTARIČ d.o.o.,01232
928,Fizioterapija TEZO d.o.o.,24448
891,Fizioterapija Urankar,31098
1670,FIZIOTERAPIJA VIDA D.O.O.,01309
887,FIZIOTERAPIJA VODEB,29137
885,Fizioterapija Wolf,24154
886,Fizioterapija Zdenka Jerman,24252
909,Fizioterapija Žargi d.o.o.,55117
1592,"FIZIOTERAPIJA, Andreja Andrašič S.P. ",17199
1275,"Fizioterapija, Luka Sumrak, s.p.",00146
1675,FIZIOVAN d.o.o.,01529
916,FIZIS d.o.o.,20102
550,FMR PLUS D.O.O.,24918
889,FT Tršan d.o.o.,27220
1317,FUNDUK ANDREJČIČ SONJA - ZOBOZDRAVSTVO,12961
223,Gastromedica d.o.o.,17099
1322,"GDENT Uroš Franc Gašperin, dr.dent.med.",55154
263,"GEMINI, Spec.amb. za gin., perin, in ult.diagnost.",17211
1088,"GNAMUŠ DENTAL, SPLOŠNO ZOBOZDRAVSTVO, D.O.O.",14638
1630,"GO ORTO d.o.o. - Jure Klaj, specialist čeljustne in zobne ortopedije",01191
1109,GOR COM d.o.o.,31263
1030,"GORENC MOJCA, dr.dent.med. - ZASEBNA ZOBNA AMBULANTA",24318
1556,"GOTAMA, d.o.o.-Dejan Pirtovšek, dr.dent.med., spec.čelj. In zobne ortopedije",00641
1110,GRANDOŠEK KSENIJA - ZASEBNA ZOBOZDRAVNICA,20416
1377,Grand-Rabič Simona - Zobna ambulanta,20385
1120,Grčar Mateja - Zobozdravstvo,27060
553,GroMed otorinolaringologija d.o.o.,27254
1314,"GROZNIK MATEVŽ, DR. DENT. MED., ZASEBNA ZOBNA ORDINACIJA",55074
1559,"GS - DENS, zobozdravstvo, d.o.o.",00424
1619,Guna Jernej - zasebna zobna ordinacija,24765
1511,"HEON d.o.o., Stanka Herman, dr.dent.med., specialist čeljustne in zobne ortopedije",24342
1424,HEPI-DENT d.o.o.,55231
1282,"Hribar Sašo, dr.dent.med.",31293
1350,HumanikDent d.o.o.,14659
283,iATROS,24627
1512,"IMJPerio parodontologija in implantologija d.o.o., ",00235
185,Implantološki center d.o.o.,27143
722,"INMED d.o.o., Medicina in tehnika Ljubljana",24790
557,INŠTITUT ZA KLINIČNO PSIHOLOGIJO - IN PSIHOTERAPIJO - IKPP,24178
599,INTERMED D.O.O.,20048
724,"Internisticna ambulanta Vesna Vodopivec, dr.med.",25081
566,"INTERNISTICNA SRCNO - ŽILNA AMBULANTA BOJAN KRIVEC, DR.MED., SPEC. INTERNIST",31240
581,"INTERNISTICNI CENTER PREBIL, UROŠ PREBIL S.P.",27261
540,"INTERNISTICNO - PULMOLOŠKA SPECIALISTICNA ORDINACIJA, MILORAD BUDISAVLJEVIC, DR.MED., SPEC.",20357
224,INTERNISTIČNA GE AMBULANTA D.O.O.,33075
347,INTERNISTIČNO PULMOLOŠKA AMBULANTA Bombek .d.o.o.,20703
977,ISTRABENZ TURIZEM Terme Portorož,03474
1442,Jamal Tafi Mohamed - zasebna zobozdravstvena ordinacija,20265
1118,JANADENTAL ZOBNA ORDINACIJA D.O.O.,14655
1384,Jančar Blaži - Zobozdravstvena ordinacija,24507
1310,JANEŽIČ IVAN - ZASEBNA ZOBNA AMBULANTA,19354
1640,"Jasmina Vengust, dr.dent.med.-Zasebna zobozdravstvena ambulanta",31179
226,JAZINDIABETES d.o.o.,55041
1602,"Jo-Dent, zasebna zobna ambulanta, Jula Jošt, Dr. Dent.",00084
1525,Jure Penica - zasebna fizioterapija,00309
1685,"Jurij Žargi, dr. dent. med. Zobozdravstvena ordinacija Bežigrajski dvor",55061
1072,"JVP DENTAL, ZOBOZDRAVSTVENE STORITVE, D.O.O.",31313
1595,"K & C, d.o.o. ",27185
1336,KAMA-DENT d.o.o.,24240
227,KAMBIČ - KAFOL d.o.o.,55084
832,KAMELEON d.o.o.,20500
1562,KAMELEON d.o.o.,20500
1164,KANSKY GABERŠEK MARINA - ZOBOZDRAVSTVENA ORDINACIJA,12999
258,Kardio Klokočovnik d.o.o.,25275
1537,"Kardiologija Dvorec Lanovž, Miha Mežnar s.p.",00222
763,KARDIOLOŠKA AMBULANTA SMEDICINA d.o.o.,55168
543,KARDIOLOŠKA AMBULANTA VASACOR D.O.O.,31254
1609,KARDIOLOŠKI CENTER D.O.O. ,01185
727,KARDIOMED d.o.o.,20454
305,"KARMEN KRAMER VRŠČAJ, dr.med., Internistična amb. Za pljučne in alergijske bolezni",31286
1106,KASTELEC STANOVNIK LADKA - ZASEBNA ZOBOZDRAVSTVENA ORDINACIJA,24619
1341,KAURI-S d.o.o.,33098
1117,KEKEC LILJANA - ZASEBNA ZOBNA AMBULANTA ZA ODRASLE,20247
813,KIRURGIJA BITENC,55175
823,KIRURŠKI CENTER TOŠ D.O.O.,20702
804,Kirurški sanatorij Rožna dolina d.o.o.,24130
1015,"KLANČIČ LUCIJA, dr.dent.med. - ZOBNA AMBULANTA",33060
164,KLANMEDIC d.o.o.,33104
1522,Klasična masaža Martin Klešnik s.p.,00284
778,Klinično psihološka ordinacija Irena Brudar,29191
1077,KLINIČNO PSIHOLOŠKA ORDINACIJA MAG. HERMINA MERC                       ,20553
728,KLINIKA DOKTOR24 d.o.o.,55077
1133,KOMATAR MAJA - ZOBOZDRAVSTVENA ORDINACIJA,24186
1426,Kovačevič Tessenyi Irena - Zobna ordinacija,24063
1055,"KRANJEC LEOPOLDINA, dr.dent.med. - ZOBNA ORDINACIJA",24150
1058,KREZOVIĆ-LOVKO LJILJANA - ZASEBNA ZOBOZDRAVSTVENA ORDINACIJA,25106
1508,Križaj d.o.o.,24339
1067,KRSTINIĆ GORAN - ZOBOZDRAVSTVO ODRASLIH,24771
268,"KSENIJA DE LORENZI,Zdravstvo in nepremičnine d.o.o",33119
1423,"KSP DENT, d.o.o.",20691
1546,KULDENT zobozdravstvo d.o.o.,00406
1396,Kusanović Jadranko - ZOBNI ATELJE - Zasebna zobozdravstvena ambulanta za odrasle,20320
1584,Kuzmanović Čedomir - Zasebni zobozdravnik,29131
1663,Lampros Skamagkoulis - zobozdravstvena dejavnost - oralna kirurgija v zobozdravstveni dejavnosti,01279
1372,LC dent d.o.o.,00034
849,"LE SKUPAJ, d.o.o.",17227
1081,"LE-AN DENT, ZASEBNA ZOBNA ORDINACIJA, D.O.O.",27232
1406,Lep nasmeh d.o.o.,20637
1339,"LESKOVEC, storitve, d.o.o.",24466
1046,LOBNIK - GOMILŠEK BOJANA - DOKTOR STOMATOLOGIJE,20182
1036,"LOGAR-DERNIČ TJAŠA, dr.dent.med. - ZOBNA AMBULANTA",25120
1408,Lovšin Urška - Zobozdravstvena ordinacija,24304
194,Lukana d.o.o.,31226
1012,"LUKIČ MERELA ANA, dr.dent.med. - ZOBOZDRAVSTVENA AMBULANTA",24540
1674,LUMED d.o.o.,01234
920,M&R Milena Mikulin,25095
1262,MADENS d.o.o.,20736
1045,MAEDENTIS NEVENA JOSIPOVIĆ DR.DENT.MED.,20712
1089,"MAG. VOJIN RAŠIĆ, DDM ZASEBNA ZOBNA ORDINACIJA",55091
1553,MAJA GLUVIČ - SPECIALISTIČNA ENDODONTSKA ORDINACIJA IN SPLOŠNO ZOBOZDRAVSTVO,00700
1149,MAJC MARTINA - ZOBOZDRAVSTVENA ORDINACIJA,27070
1266,MAJOMA d.o.o.,20690
1168,Mamelon d.o.o.,17235
1229,MARČUN MATEJA - ZASEBNA ZOBOZDRAVSTVENA ORDINACIJA,27123
1297,"Margita Zupanc Porenta, dr. dent. med. ZASEBNA ZOBNA ORDINACIJA",27208
971,"MARIDENT, d.o.o.",25238
1500,Marija Ujević Šalković - Zobozdravstvena dejavnost,00221
229,Markelj d.o.o.,29152
1493,MARTA GERIĆ - ZOBOZDRAVSTVENA AMBULANTA,24968
956,Matanič Jasenka - Zobozdravnik,25047
834,MC MEDICOR D.D.,25232
568,"MCL, PSIHIATRICNA ORDINACIJA D.O.O.",55178
230,MD Medicina d.o.o.,55013
1643,"M-DENS, zobozdravstvena ordinacija in laboratorij za zobno protetiko, d.o.o.",00091
1501,"MDENT, Zobozdravstvene storitve, Mihajlo Frangov S.P.",00223
569,"MDT, PODJETJE ZA MEDICINSKO DIAGNOSTIKO, TERAPIJO IN TEHNOLOGIJO, D.O.O.",20211
193,MedDen S d.o.o.,17230
1485,MEDENS d.o.o.,31294
729,MEDGEN d.o.o.,24326
730,MEDI CONS D.O.O.,29213
731,MEDI PULMO d.o.o.,55203
198,MEDIACOM Kranj d.o.o.,27106
1590,Mediarh d.o.o.,14630
701,MEDICAL CENTER ROGAŠKA,02889
1261,MEDICINSKI CENTER GORJANC,14596
231,Medicinski center Heliks d.o.o.,24348
1526,Medicinski center Humano d.o.o.,00327
1529,Medicinski center Medartis d.o.o.,03354
732,"Medico Dr. Sentocnik d.o.o., Ljubljana",24464
1014,"MEDICODENT, ZOBOZDRAVSTVENE STORITVE D.O.O.",14635
1316,MEDICO-DENTES d.o.o.,12860
1532,Medicointerna d.o.o.,55276
696,MEDICOR D.O.O.,24345
786,MEDICUS PARTNER d.o.o.,03329
14,"MEDICUS, d.o.o.-PE Barjanska",12851
1548,"MEDICUS, d.o.o.-PE Linhartova",12851
783,Medik ultrazvočna dignostika - Igor Kočevar,31136
1528,MEDIKO BMT d.o.o,00336
888,Mediko d.o.o.,24818
571,"MEDILAB D.O.O., DIAGNOSTICNI RADIOLOŠKI CENTER",24120
573,MEDIVITA D.O.O.,17166
1414,MEDIZOB d.o.o.,20737
572,Medur d.o.o.,24861
1246,MEL DENT d.o.o.,27215
1594,MELADENS d.o.o.,31306
232,"MENTAL svetovanje, d.o.o.",29201
1403,MERIDIUS TOP d.o.o.,20590
1395,Metličar Anton - DOKTOR STOMATOLOGIJE,03386
20,MG ORTODONT d.o.o.,29264
1477,"Miha Markelj, dr.dent.med. - Zobna ordinacija Videm",24337
1206,MIJATOVIČ JOVAN - ZOBNA AMBULANTA,12881
1318,MIKMAR d.o.o.,20491
173,Mikuž d.o.o.,55122
1682,"MILUJA, zobozdravstvo, d.o.o. - Luka Gomezelj, dr.dent.med.",01511
1642,"MK DENTAL D.O.O., ZOBOZDRAVSTVO IN DRUGE DEJAVNOSTI",01237
772,MLADINSKO KLIMATSKO ZDRAVILIŠČE RAKITNA,10931
1366,Mladinsko zobozdravstvo MOIDENT,14631
574,MLINAR VISUS D.O.O.,14622
1020,M-MEDIKO D.O.O.,55110
1618,"MOJCA LAJH, SPECIALISTIČNA ORTODONTSKA AMBULANTA",01188
575,MORELA OKULISTI D.O.O.,24419
233,MTC Fontana d.o.o.,20546
1075,"NAGLIDENT, DRUŽBA ZA ZOBOZDRAVSTVENE IN OSTALE STORITVE, D.O.O.",27134
1163,NAL D.O.O.,24417
1227,Naravno zdravilišče Topolšica d.d.,09771
1633,NASMEH ZOBOZDRAVSTVO d.o.o.,29159
963,Nataša Dajović - Zasebna zobozdravstvena ordinacija,29216
1661,ND Dental d.o.o.-Neja Jurjec Smole dr.dent.med.,00215
576,"NEFRODIAL, NEFROLOŠKA IN DIALIZNA DEJAVNOST, D.O.O.",31012
315,NEUROEDINA D.O.O.,29228
15,NEVRIT d.o.o. prof.dr.Miro Denišlič,24571
206,"Nevrološka ambulanta Marjetka Clemenz, dr.med.",24143
552,NEVROMED DIAGNOSTICNI CENTER D.O.O.,31271
847,NIJZ,50505
1440,Nikič Alenka - Doktor stomatologije,29012
1344,"NO DOL, d.o.o.",20603
1610,OA D.O.O.,01138
733,OBJEM ZDRAVJA d.o.o.,27268
178,Obrez Oblak Karin - Zobna in celjustna ortopedija,24155
784,Oculus s.p.,55045
597,OČESNA AMBULANTA NAKLO D.O.O.,27217
234,Očesna ambulanta Ophtacom,24914
235,Očesna ambulanta Vid,17192
600,"OČESNA ORDINACIJA - ALOJZ ŽIČKAR, DR.MED., SPEC. OFTALMOLOG",19491
236,"Očesna ordinacija Andrej Verk, dr.med.",20486
736,Očesna ordinacija in optika Oftalma,55053
214,"Očesna Ordinacija Preskar, Spe vivimus d.o.o.",29200
237,Očesni center HUDOVERNIK d.o.o.,20684
811,"OČESNI CENTER IRMAN, d.o.o.",31100
238,Očesni center optimist d.o.o.,55052
269,Očesni center Preskar,29188
270,Očesni center Pušnik – Novljan d.o.o.,14593
265,OFTAMED d.o.o.,20429
267,OKC Očesni kirurški center dr. Pfeifer,24362
239,Okovid d.o.o.,14660
554,"OKULISTICNA AMBULANTA  SMILJANA GRUDEN, DR. MED., SPEC. OFTALMOLOGIJE",25215
734,Okulisticna ordinacija Bonis d.o.o.,55044
221,Okulistika Clarus d.o.o.,12919
1127,Okulistika Falež d.o.o.,20530
241,OKULISTIKA Meh d.o.o.,31211
240,"Okulistika Tatjana Šolar, dr.med.",27211
577,"OKULODENT D.O.O. MILKA POFUK KOSTADINOVIĆ, DR.MED.SPEC.OFTALMOLOG",25132
752,OKUMED d.o.o.,00036
738,Olivier's d.o.o.,17132
830,ONKOLOŠKI INŠTITUT LJUBLJANA,10481
1686,ONKOLOŠKI INŠTITUT LJUBLJANA - Oddelek za nuklearno medicino,10481
987,ONKOLOŠKI INŠTITUT LJUBLJANA - Oddelek za radiologijo,10481
284,OptimaMed Dializni center Vojnik d.o.o.,31175
286,Optomed d.o.o.,27207
833,OPTOVID d.o.o.,55042
195,"ORALNA KIRURGIJA IN ESTETSKO ZOBOZDRAVSTVO, ORDINACIJA TETIČKOVIČ",24100
169,"Oralna kirurgija in zobozdravstvo Aleksander Lipovec, dr.dent.med.,",25116
739,"Ord. za bolezni ušes, nosu in grla LANŠČAK d.o.o.",17200
273,"ORDINACIJA dr. NOVAK BRECELJ, zdrav.storitve d.o.o",55174
740,"Ordinacija za bolezni ušes, nosu in grla Bojan Rok, dr.med.",12887
741,"Ordinacija za bolezni ušes, nosu in grla Miran Rakuš, dr.med.",12889
1357,ORDINACIJA ZEVNIK,27282
1616,"ORL Kurent, specialistična ambulanta za bolezni ušes, nosu in grla, d.o.o.",01200
188,Orthas d.o.o.,17220
17,ORTHOS zavod za ortodontijo in maksilofacialno ortopedijo,24114
9,Orthosan d.o.o.,29187
840,ORTO D d.o.o.,29270
184,ORTO specialisticna zobna ambulanta d.o.o.,14620
1129,"ORTO4U, ZOBOZDRAVSTVENA DEJAVNOST, D.O.O.",27274
1611,"ORTOBOR, ORTOPEDSKA DEJAVNOST, D.O.O.",01189
7,"Ortodent, d.o.o.",20591
166,ORTODONT KOPER,33095
201,"ORTODONTIJA , ZOBOZDRAVSTVO VRBIC d.o.o.",24699
1593,Ortodontija Ferlež d.o.o.,29256
161,Ortodontija Južina Dowhyj,27262
170,Ortodontija Malinger d.o.o.,31322
24,ORTOESTETIK d.o.o.,20558
278,Orto-ped d.o.o.,24452
582,ORTOPEDIJA PRETTNER D.O.O.,17228
207,"Ortopedska ambulanta Sašo Tonejc, dr.med.",20197
692,ORTOPEDSKA BOLNIŠNICA VALDOLTRA OSPEDALE ORTOPEDICO VALDOLTRA,03791
976,"Oskar in Barbara Zobozdravstvene storitve, d.o.o.",25301
707,OZG ZDRAVSTVENI DOM  BLED,04820
962,OZG ZDRAVSTVENI DOM  BOHINJ,04820
1472,OZG Zdravstveni dom Bled - zobna,04820
1292,OZG Zdravstveni dom Bohinj - zobna,04820
289,OZG ZDRAVSTVENI DOM KRANJ - specialisti,04450
850,OZG ZDRAVSTVENI DOM KRANJ - zobna,04450
681,OZG ZDRAVSTVENI DOM RADOVLJICA,04385
679,OZG ZDRAVSTVENI DOM ŠKOFJA LOKA,04660
1290,OZG Zdravstveni dom Škofja Loka - zobna,04660
682,OZG ZDRAVSTVENI DOM TRŽIČ,04330
1291,OZG Zdravstveni dom Tržič - zobna,04330
955,Palčnik Mihaela - Višja fizioterapevtka,19494
204,Parodontologija Igličar,27245
1040,"PAVLOVIĆ RADE, dr.dent.med. - DOKTOR STOMATOLOGIJE",27013
1422,PermaDent zobozdravstvena dejavnost d.o.o.,00809
826,PHYSIS MEDICINSKO SVETOVANJE IN STORITVE D.O.O.,24470
742,PKM d.o.o.,55014
1658,"PKR DENT, zobozdravstvo in druge storitve, d.o.o.",01265
157,Plasticna kirurgija Janežič Tomaž Janežič s.p.,55016
536,"PLASTIČNA, REKONSTRUKCIJSKA IN ESTETSKA KIRURGIJA ARNEŽ D.O.O.",55009
1056,"POKERŽNIK PETER, dr.dent.med. - ZASEBNI ZOBOZDRAVNIK",20426
1479,POLO - DENT d.o.o.,55200
1488,Potokar Mojca - Zobna ordinacija,24160
1031,POŽRL MARKO DR.DENT.MED. - ZOBOZDRAVSTVENA ORDINACIJA,25231
822,PRAKAŠ MILANKA - PEDOPSIHIATRIČNA AMBULANTA,29241
930,PRANA SHRI D.O.O.,00040
1005,"PRAPROTNIK IGOR, dr.dent.med. - DOKTOR STOMATOLOGIJE",12906
743,"PRAVOVID, ocesna ord. Maja Sojer Štular, d.o.o.",24460
1430,PRENADENT d.o.o.,55161
585,"PRIVATNA PSIHIATRIČNA AMUBLANTA EDVARD REPOLUSK, DR.MED,. SPEC NEVRO-PSIHIATER",27110
1324,Privšek Iztok - Zobozdravstvo,24065
1672,Probocca d.o.o.,01245
744,Psih.in psihoter.ordinacija Klelija Hrovatic d.o.o.,55182
745,"Psihiatricna ambulanta Alenka Helena Petek, dr.med.",55010
746,"Psihiatricna in pedopsihiatricna ordinacija  Anja Reljic Princic, dr.med.",55183
698,PSIHIATRIČNA BOLNIŠNICA BEGUNJE,04131
677,PSIHIATRIČNA BOLNIŠNICA IDRIJA,10715
323,PSIHIATRIČNA BOLNIŠNICA ORMOŽ,07531
709,PSIHIATRIČNA BOLNIŠNICA VOJNIK,19290
1315,PUKLAVEC GROZNIK JANJA DR.DENT.MED. - ZASEBNA ZOBOZDRAVNICA,55088
1601,"PULMED, ambulanta za pljučne bolezni in alergije d.o.o.",01137
1585,Pulmedico d.o.o.,00492
313,PULMOLOŠKO INTERNISTICNA AMBULANTA DR.M.ŠADL,03371
1586,"Pulmovita, d.o.o.",00514
1332,Pupič-Gaberšek Vesna - DOKTOR STOMATOLOGIJE,31095
350,"PUSTOVRH BOJAN, dr.med. Zasebna spec. amb. za bolezni šc.in druge notranje bol",31031
1554,"R DENT, d.o.o.",00427
749,RADIOMED d.o.o.,20433
244,RCD d.o.o.,55026
559,"REMEDA, MEDICINSKI CENTER DOMŽALE D.O.O.",55046
1099,REPNIK NADA - ZASEBNA ZOBNA AMBULANTA,31027
942,Rogina Lidija (Zasebna Fizioterapija),20252
1450,"ROK-LAB, Zobozdravstvo, d.o.o.",27164
1331,Ronald Novak dr.dent.med. - Zasebna Zobozdravstvena Ambulanta,31162
1016,"SAMOTORČAN SLAVKO, dr.dent.med. - ZASEBNA ZOBNA AMBULANTA",25048
348,Sanabilis d.o.o.,20508
162,SANIDENT d.o.o. – ortodontija,31082
1247,SANIDENT d.o.o. – zobozdravstvo odrasli,31082
1248,SANIDENT d.o.o.-zobozdravstvo mladina,31082
1431,Sanja Lucija Pečnik - Zobozdravniška ordinacija,24247
1225,"SANJA RAŠIĆ, DDM ZASEBNA ZOBOZDRAVSTVENA ORDINACIJA",55032
1380,Sanja Slade - Zasebna zobna ambulanta,20108
922,Sanlorem Sandra Jockovič,31331
1161,SANOS D.O.O.,27179
795,Sava Turizem d.d. – PE Terme 3000,00361
798,Sava Turizem d.d. – PE Terme Ptuj,15021
797,Sava Turizem d.d. – PE Zdravilišče Radenci,00460
1652,SI HARMONIJA d.o.o.,01127
1486,Siegl Vladimir - Zobozdravstvena ordinacija,24542
189,SIMED d.o.o. - zdravstvo,24830
1284,SIMED d.o.o. - zobozdravstvo,24830
364,Simonic Marta-zasebna internisticna in diabetološka ambulanta,20139
896,"Sirius, zasebna fizioterapija",20460
588,Slavec Tomaž - specialist oralne kirurgije,27018
1054,"SMEJKO, PETRA PRODAN ŠUMNIK, ZOBOZDRAVSTVO & ESTETIKA, D.O.O.",00070
750,"SONART, zdravstvene in druge storitve d.o.o.",55184
1002,SONJA ĐUKEZ DR.DENT.MED. ZASEBNA ZOBNA ORDINACIJA,31205
587,"SONOMED D.O.O. ALENKA SENICA KIRN, DR.MED",24972
1681,SP-DENT d.o.o.,01527
769,"Spec.ord. za maksilofacialno in oralno kirurgijo Borut Sotošek, dr.dent.med.",24242
753,"Specialisticna psihiatricna ordinacija Silvija Sotošek, dr.med.",24104
209,SPECIALISTIČNA IZVENBOLNIŠNIČNA ZDRAVSTVENA DEJAVNOST MILETA TRIPKOVIČ s.p.,20548
25,SPECIALISTIČNA ORTODONTSKA AMBULANTA HROVATIN d.o.o.,55055
247,"Specialistična pediatrična ordinacija Dora Jeler, dr.med.",24151
212,"SPECIALISTIČNA ZOBNA AMBULANTA Darij Novak, dr.dent.med.",03388
318,SPLOŠNA BOLNIŠNICA BREŽICE,00128
320,SPLOŠNA BOLNIŠNICA CELJE,02727
697,SPLOŠNA BOLNIŠNICA DR. FRANCA DERGANCA NOVA GORICA,00016
5,SPLOŠNA BOLNIŠNICA DR. JOŽETA POTRČA PTUJ,07644
802,SPLOŠNA BOLNIŠNICA IZOLA OSPEDALE GENERALE ISOLA,03821
369,SPLOŠNA BOLNIŠNICA JESENICE,04071
317,SPLOŠNA BOLNIŠNICA MURSKA SOBOTA,08664
1,SPLOŠNA BOLNIŠNICA NOVO MESTO,00374
324,SPLOŠNA BOLNIŠNICA SLOVENJ GRADEC,14450
321,SPLOŠNA BOLNIŠNICA TRBOVLJE,10001
248,Srce in ožilje d.o.o.,20150
1191,"Srednja šola za farmacijo, kozmetiko in zdravstvo,  Zobna ambulanta",22271
1213,STARDENT D.O.O.,27140
1647,"Staša Melink, dr. dent.med., spec. - program Jesenice",27257
171,"Staša Melink, dr. dent.med., spec. - Zasebna ortodontska ord",27257
1587,Stil d.o.o. Postojna,00537
1433,STIPES d.o.o.,20488
1569,Stomatologica d.o.o.,00805
1418,"Stomatološka ordinacija Janko E.Štefančič, dr.dent.med.",24173
1178,"Stomatološka ordinacija,  Simonka Rus, dr. dent. med.,  Ljubljana",24188
1669,"Stomatološka ordinacija-Martin Luka Malinger, dr.stom.",31153
1074,STRAŽIŠAR RADIĆ TANJA - PRIVATNA ZOBNA ORDINACIJA,27103
1283,STRLIČ IRIS - ZOBOZDRAVSTVENA ORDINACIJA,24306
1134,STRNIŠA ZORAN - DOKTOR STOMATOLOGIJE,19478
1356,Strosar Rozman Gabrijela - Zobna ambulanta za odrasle,24625
1445,STU-DENT d.o.o.,55033
754,STUDIO d.o.o.,24867
1034,"STUDIO ORALNEGA ZDRAVJA, DRUŽBA ZA STORITVE IN SVETOVANJE, D.O.O.",20610
1179,"STUDIO ZVK, Vladimir Kramberger, dr. dent. med, Murska Sobota",17080
755,SUPEREGO d.o.o.,25224
1499,"Svetovalni center za otroke, mladostnike in starše Ljubljana",10851
249,"Svetovanje dr. Kuhar, d.o.o.",55008
773,SŽ - ŽELEZNIŠKI ZDRAVSTVENI DOM LJUBLJANA,06501
1252,ŠMIGOC MOJCA DR.DENT.MED. - ZASEBNA ZOBNA ORDINACIJA,31154
1155,ŠUBELJ GREGORIČ HELENA - ZOBOZDRAVSTVENA ORDINACIJA,24432
6,Šubic diabetologija d.o.o.,20476
1321,ŠULER PATRICIJA - ZASEBNA ZOBNA AMBULANTA,31129
1564,T DENT d.o.o.,55244
1333,"Taja Dular Potočar, dr.dent.med., ZASEBNA ZOBOZDRAVSTVENA ORDINACIJA",55217
1653,"Tanja JEROMEL, dr. dent. med.",14592
1086,"TANJA NEDELJKOVIĆ, DR.DENT.MED., ZASEBNA ZOBNA ORDINACIJA",33100
1634,"TATALOVIČ, zobozdravstvo d.o.o.",29249
1667,"TEA DENT, zobozdravstvo",00879
1484,TECHDENS d.o.o.,24416
756,TEMZA d.o.o.,12822
1665,"TENDENT, d.o.o.",01187
985,"Terezija.Marina, zobozdravstvena dejavnost d.o.o.",17226
794,TERME ČATEŽ d.d.,02925
986,Terme Dobrna d.d.,02906
790,"TERME KRKA, d.o.o., Novo mesto - PE Dolenjske Toplice",09302
792,"TERME KRKA, d.o.o.,Novo mesto - PE Strunjan",09304
791,"TERME KRKA, d.o.o.,Novo mesto - PE Šmarješke Toplice",09303
1167,Terme Olimia d.d.,02921
1544,Terme Zreče,00076
842,THERMANA D.D.,02910
1668,"TJAŠA KOCJANČIČ S.P., FIZIOTERAPIJA",01285
1362,TODOROVIĆ D.dr.stom.,03334
978,"TOMAŽ DRAŽUMERIČ dr.dent.med., d.o.o.",20747
1017,"TOMAŽ LUKANOVIĆ, dr.dent.med. - ZOBOZDRAVNIK",55221
1308,Tomšič Arnaldo - Zobna ordinacija,24964
1369,Tomšič Tone - Zasebni zobozdravnik,24667
1059,"TOP-DENTAL, DRUŽBA ZA ZOBOZDRAVSTVENE STORITVE IN SVETOVANJE, D.O.O.",20609
592,"TOPMED, D.O.O.",20701
1135,"TOPZOB, ZOBOZDRAVSTVO ZA MLADINO IN ODRASLE, D.O.O.",20678
1307,Tozon Kristina - Zobozdravnica,24256
917,Trček Valerija - fizioterapija,24819
1330,Trifunac Velemir - Zasebna Zobna Ambulanta,20309
1581,TRITRG d.o.o.,00051
1352,TRŽAN-MAKOVEC d.o.o. -Makovec,55086
1353,TRŽAN-MAKOVEC d.o.o. -Tržan,55086
782,UKC LJUBLJANA - INŠTITUT ZA MEDICINSKO REHABILITACIJO,50018
800,"UKC LJUBLJANA - KLINIČNI INŠTITUT ZA MEDICINO DELA, PROMETA IN ŠPORTA",50017
325,UKC LJUBLJANA - KLINIKA ZA INFEKCIJSKE BOLEZNI IN VROČINSKA STANJA,50012
781,UKC LJUBLJANA - ORTOPEDSKA KLINIKA,50011
1269,UKC LJUBLJANA - ORTOPEDSKA KLINIKA,50011
799,UKC LJUBLJANA - STOMATOLOŠKA KLINIKA,50008
303,UKC LJUBLJANA DERMATOVENEROLOŠKA KLINIKA,50013
300,UKC LJUBLJANA GINEKOLOŠKA KLINIKA,50006
304,UKC LJUBLJANA INTERNA KLINIKA,50003
780,UKC LJUBLJANA KIRURŠKA KLINIKA,50004
988,UKC LJUBLJANA KIRURŠKA KLINIKA Oddelek za otroško kirurgijo,50004
807,UKC Ljubljana Klinični inštitut za klinično kemijo in biokemijo,50014
793,UKC LJUBLJANA KLINIČNI INŠTITUT ZA MEDICINSKO GENETIKO,50076
1613,UKC LJUBLJANA KLINIČNI INŠTITUT ZA RADIOLOGIJO (KIR),50015
841,UKC LJUBLJANA KLINIČNI INŠTITUT ZA RADIOLOGIJO (KIR),50015
831,UKC LJUBLJANA KLINIKA ZA NUKLEARNO MEDICINO  Oddelek za bolezni ščitnice,50016
989,UKC LJUBLJANA KLINIKA ZA NUKLEARNO MEDICINO  Oddelek za nuklearno medicinsko diagnostiko,50016
301,UKC LJUBLJANA KLINIKA ZA OTORINOLARINGOLOGIJO IN CERVIKOFACIALNO KIRURGIJO,50009
299,UKC LJUBLJANA NEVROLOŠKA KLINIKA,50005
302,UKC LJUBLJANA OCESNA KLINIKA,50010
372,UKC LJUBLJANA PEDIATRIČNA KLINIKA,50007
990,UKC LJUBLJANA SLUŽBA ZA RADIOLOGIJO (PEDIATRIJA),50082
1497,"UKC Ljubljana, Kirurška klinika - KO za anesteziologijo in intezivno terapijo operativnih strok",50004
757,"ULTRAKARDIO, Siniša Grujic, dr.med.,specialist",25266
250,Ultramedica d.o.o.,24441
370,UNIVERZITETNA KLINIKA ZA PLJUČNE BOLEZNI IN ALERGIJO GOLNIK,12307
693,UNIVERZITETNA PSIHIATRIČNA KLINIKA LJUBLJANA,11526
4,UNIVERZITETNI KLINIČNI CENTER MARIBOR,08051
205,UNIVERZITETNI REHABILITACIJSKI INŠTITUT REPUBLIKE SLOVENIJE - SOČA,10601
1478,"Urbančič Polonca, dr.dent.med. - Zobozdravstvo",55115
594,VAŠE ZDRAVJE ZDRAVSTVENE STORITVE D.O.O.,20468
1401,VAŠI ZOBJE D.O.O.-lokacija DRAVOGRAD,14652
1402,VAŠI ZOBJE D.O.O.-lokacija MUTA,14652
595,"VELOG, Zdravstveni center, d.o.o. ",27008
562,VERBOTEN KOPRIVA RENATA - ORDINACIJA INTERNE MEDICINE,24192
975,"Vesna Šega Novak, dr.dent.med., Zasebna zobna ordinacija  ",24435
1411,Vial zobozdravstvene storitve d.o.o.,55020
210,VID d.o.o.,03390
261,VIDIM d.o.o.,31208
879,Vita center d.o.o.,27203
1614,Vitana d.o.o.,24465
899,Vivagib zasebna fizioterapija d.o.o.,20686
1264,VRAN MOJCA DR. DENT. MED. ZASEBNA ZOBNA ORDINACIJA,55104
1603,VRANKIČ d.o.o.,31241
1087,"VURCER, ZOBOZDRAVSTVENE STORITVE D.O.O.",17210
1687,WAHIBI d.o.o.,31342
1289,"ZA JAKOPOVIĆ GORDANA, DR.DENT.MED.",17134
1270,"ZA MLINAR NEVENKA, DR.MED.",33101
1019,"ZA Orešnik Žalig Marjeta,univ. dipl. psih., spec. klin. psih.",17064
1389,"ZA ŠOLINC LEONID, DR.DENT.MED.",24424
367,Zagode Pavel - privatna specialistična zobna ambulanta,19385
1371,Zajšek Peter - Zobozdravstvo,27035
1151,ZALIVKA D.O.O.,20489
1185,Zas. zob. ord. za odrasle in mladino Samo Spetič,25260
251,"Zasebna ambulanta za pljučne bolezni Alojz Horvat, dr.med.",17074
875,Zasebna fizioterapevtska ambulanta Helena Sok,17077
924,Zasebna fizioterapija d.o.o.   ,20722
911,Zasebna fizioterapija Irma Brus,24047
903,Zasebna fizioterapija Jožica Pohleven,20388
877,Zasebna fizioterapija Lea Oblak,27210
1539,ZASEBNA FIZIOTERAPIJA mag. SImona Videnšek,00331
905,Zasebna fizioterapija Maja Kovačič,20304
894,Zasebna fizioterapija Mirjam Mudlack,24980
866,"Zasebna fizioterapija Mršnik Tatjana, višja fizioterapevtka",20194
876,Zasebna fizioterapija Nada Brdnik,31234
860,Zasebna fizioterapija PALMA MANUS d.o.o.,55177
921,Zasebna fizioterapija s koncesijo Anela Šerifović,25352
892,Zasebna fizioterapija Valerija Pretnar Ramovš,27162
890,Zasebna fizioterapija Vida Sinjur,24153
1545,Zasebna ginekološka ambulanta Levak Hozjan Sonja,31066
556,"ZASEBNA INTERNISTICNA KARDIOLOŠKA AMBULANTA GUSTAV HODOŠCEK, DR.MED., SPEC.INT.",17155
578,"ZASEBNA INTERNISTICNO-PULMOLOŠKA AMBULANTA JASMINA PANJAN AVRAMOVIČ, DR.MED.,SPEC.INT.MED.",25283
775,Zasebna internistično pulmološka ambulanta dr.Kata Paun,29133
1173,Zasebna klinično psihološka ambulanta Vajd Ledinek,20570
560,"ZASEBNA OCESNA AMBULANTA LUDVIK KIRALY, DR.MED., SPEC. OFTALMOLOG",17163
1629,"zasebna ordinacija družinske medicine Muamer Mušić dr.med.,spec.druž.med.",01218
163,"Zasebna ordinacija Polonca Keršic, dr.dent.med., spec.",12885
1171,Zasebna ordinacija za klinično psihologijo Rojnik,24338
281,Zasebna ordinacija za zobno in čeljustno ortopedijo Irena Pišljar Božič,24146
253,"Zasebna ortopedska ambulanta Saša Kosovinc, dr.med.",24069
254,"Zasebna pedopsihiatrična ambulanta Nataša Potočnik Dajčman, dr.med.",20564
565,"ZASEBNA PSIHIATRICNA AMBULANTA DR. MATEJ KRAVOS, DR.MED., SPEC.PSIH.",20583
758,"Zasebna psihiatricna ambulanta Dušan Sudar, dr.med.",33080
567,"ZASEBNA PSIHIATRICNA AMBULANTA, LEBAN BREDA, DR.MED.,SPEC.PSIH.",33073
555,"ZASEBNA PSIHIATRICNA ORDINACIJA ISTVAN HAGYMAS, DR.MED., SPEC. PSIH.",17187
759,"Zasebna psihiatricna ordinacija Peter Kapš, dr.med.",29165
167,"Zasebna spec. amb. za zobno in celj. Ortopedijo Tadeja Kramaric-Cizmazija, dr.dent.med., spec.",17069
1190,Zasebna stomatološka ordinacija Nešković Danka,24367
591,"ZASEBNA ZDRAVNICA MAJDA KACJAN, DR.MED.SPEC.PSIHIATRIJE",24335
1268,"ZASEBNA ZOBNA AMBULANTA - ALEKSANDRA ŠRAMEL, DR. DENT. MED.",31264
1397,"Zasebna zobna ambulanta - Anja Trobec, dr.dent.med",31178
979,Zasebna zobna ambulanta - Darinka Juhart,31126
1253,"ZASEBNA ZOBNA AMBULANTA ALENKA MANDIĆ, DR.DENT.MED.",31216
1416,Zasebna zobna ambulanta Cankova - Petrovič Mirjana,17128
1277,"ZASEBNA ZOBNA AMBULANTA ČEDOMIR CESAREC, DR.DENT.MED.",19479
1095,"ZASEBNA ZOBNA AMBULANTA DANICA AUŽNER ŠKORJANC, DR.DENT.MED.",31068
1649,ZASEBNA ZOBNA AMBULANTA dr. IRENA DRENIK,19365
1354,Zasebna zobna ambulanta Ivan Matek,31106
1482,ZASEBNA ZOBNA AMBULANTA KIRIL KORNAKOV DR.DENT.MED.,17206
1051,"ZASEBNA ZOBNA AMBULANTA MARKO KOSMAČ, DR.DENT.MED.",33068
1335,"Zasebna zobna ambulanta Nika Podbregar, dr.dent.med.",31188
168,"Zasebna zobna ambulanta Niko Lavrencic, dr.dent.med., spec.",19391
1566,Zasebna zobna ambulanta Nikola Potočnik,19357
1519,"Zasebna zobna ambulanta Saša Dolar Petelinšek, s.p.",31287
1345,Zasebna zobna ambulanta Strahovnik Matej dr.dent.med.,31062
1409,Zasebna zobna ambulanta Testen Aleksander,31022
1327,Zasebna zobna ambulanta Tošić Zorica,20308
1027,"ZASEBNA ZOBNA AMBULANTA VERŽEJ, ALENKA VIDOVIČ DR. DENT.MED.",17204
1641,Zasebna zobna ambulanta Vezočnik Erika,31105
1348,"Zasebna zobna ambulanta za odrasle Kelaidis George, dr.dent.med.",14615
1415,"Zasebna zobna ambulanta Zoran Ribič, dr.dent.med.",20597
980,ZASEBNA ZOBNA ORDINACIJA - BOJANA DEBELJAK DANIELOV DR. DENT. MED.,31237
1374,Zasebna zobna ordinacija - Nikolić Liljana,19427
1648,Zasebna zobna ordinacija Bojan Smajila,31130
1097,ZASEBNA ZOBNA ORDINACIJA DENTI MARJAN JOŽEF DR. DENT. MED.,29254
1382,Zasebna zobna ordinacija Drofenik Marko Jožef,20732
1347,Zasebna zobna ordinacija Emilija Živković dr.dent.med.,14629
1096,"ZASEBNA ZOBNA ORDINACIJA GREGOR MAVČIČ, DR. DENT. MED.",27216
1428,ZASEBNA ZOBNA ORDINACIJA GROBOLJŠEK ROMAN,31125
1355,Zasebna zobna ordinacija Helena Konobelj,27225
1301,"Zasebna zobna ordinacija Nuša Zadel, dr.dent.med.",00014
1325,Zasebna zobna ordinacija Poljšak Alenka,33062
1441,"Zasebna zobna ordinacija Povše Zlatko, dr.dent.med.",29164
1360,"Zasebna zobna ordinacija Simona Jug Mehle, dr.dent.med.",31166
1491,"ZASEBNA ZOBNA ORDINACIJA Vrabl Niko, dr.dent.med.",31189
967,"Zasebna zobna ordinacija, Lužnik Peter, dr. dent. med.",14558
1349,"Zasebna zobozdravnica Damjana Kelaidis, dr.dent.med.",14654
1176,Zasebna zobozdravniška ordinacija Sarič Dubravko,24955
1170,Zasebna zobozdravniška ordinacija Sarič Ljiljana,24797
1126,"ZASEBNA ZOBOZDRAVNIŠKA ORDINACIJA ZA ODRASLE ALOJZ RENČELJ, DR.DENT.MED",27039
1502,Zasebna zobozdravstvena ambulanta Barbara Pirher,00228
1267,ZASEBNA ZOBOZDRAVSTVENA AMBULANTA JUDITA KIŠ ZUPANC,31235
1082,"ZASEBNA ZOBOZDRAVSTVENA AMBULANTA VESNA FUŽIR URBANČIČ, DR.DENT.MED.",24492
1563,Zasebna zobozdravstvena ordinacija Anja Šetar s.p.,00601
1105,"ZASEBNA ZOBOZDRAVSTVENA ORDINACIJA JANKA GORENEC, DR. DENT. MED.",29210
1121,"ZASEBNA ZOBOZDRAVSTVENA ORDINACIJA RENATA OSTANEK ULE, DR. DENT. MED.",29209
1294,Zasebna zobozdravstvena ordinacija Sergej Olujić,55134
1172,Zasebna zobozdravstvena ordinacija Valentić,24071
1480,"Zasebna zobozdravstvena ordinacija Velimir Klarić, dr.dent.med.",24361
1437,"Zasebna zobozdravstvena ordinacija Zvonko Romozi, dr.dent.med.",29234
1139,"ZASEBNI ZDRAVSTVENI ZAVOD BRUNO VOJNOVIĆ, DR.DENT.MED.",27224
998,Zasebni zdravstveni zavod MARC,25208
762,Zasebni zdravstveni zavod Neurovita,55083
165,Zasebni zdravstveni zavod ORTHODONTIO,25209
1070,"ZASEBNI ZOBOZDRAVSTVENI ZAVOD, LAPČEVIČ VLADO, DR.DENT.MED.",27209
1628,"ZATE, zobna ambulanta in druge storitve, d.o.o.",20743
255,Zavod Apolon,33074
1583,ZAVOD FITLAB,55270
266,Zavod inštitut za avtizem in sorodnje motnje,55198
563,ZAVOD PULMORADIX,14649
586,ZAVOD REVITA,04950
1530,"ZAVOD VERGINA -Dime Sapundžiev, dr.dent.med.,spec.",00318
845,ZAVOD ZA GLUHE IN NAGLUŠNE LJUBLJANA,12635
363,ZD KRŠKO,09101
844,ZD LAŠKO,02326
1280,ZD RADEČE,02968
262,Zdrav splet d.o.o.,20514
1410,"Zdravi zobje, d.o.o.",20605
1551,"Zdravstvene storitve, Jure Volk s.p.",00707
764,Zdravstveni center Dravlje d.o.o.,24319
257,Zdravstveni center Flis d.o.o.,20696
919,ZDRAVSTVENI CENTER LORENA d.o.o. ,24908
326,ZDRAVSTVENI DOM AJDOVŠČINA,00130
353,ZDRAVSTVENI DOM BREŽICE,00100
858,ZDRAVSTVENI DOM CELJE – Diagnostična obravnava,02131
355,ZDRAVSTVENI DOM CELJE – Specialistična dejavnost,02131
859,ZDRAVSTVENI DOM CELJE – Zobozdravstvena dejavnost,02131
287,ZDRAVSTVENI DOM ČRNOMELJ-fizioterapija in ostale dejavnosti na sekundarnem nivoju brez zobozdravstva,00370
1550,ZDRAVSTVENI DOM ČRNOMELJ-zobozdravstvo,00370
678,ZDRAVSTVENI DOM DOMŽALE,10201
1523,Zdravstveni dom Domžale - zobozdravstvo,10201
306,ZDRAVSTVENI DOM DR. ADOLFA DROLCA MARIBOR,07883
260,ZDRAVSTVENI DOM DR. BOŽIDARJA LAVRIČA - CERKNICA,06831
852,Zdravstveni dom dr. Franca Ambrožiča Postojna - Zobozdravstvo,03613
292,"ZDRAVSTVENI DOM DR. FRANCA AMBROŽIČA, POSTOJNA",03613
290,ZDRAVSTVENI DOM DR. JANEZA ORAŽMA RIBNICA,06830
312,ZDRAVSTVENI DOM DR. JOŽETA POTRATE ŽALEC,02641
708,ZDRAVSTVENI DOM DR. JULIJA POLCA KAMNIK,10321
704,ZDRAVSTVENI DOM DRAVOGRAD,14001
706,ZDRAVSTVENI DOM GORNJA RADGONA,00350
359,ZDRAVSTVENI DOM GROSUPLJE,05750
960,ZDRAVSTVENI DOM GROSUPLJE,05750
965,ZDRAVSTVENI DOM HRASTNIK,07201
294,ZDRAVSTVENI DOM IDRIJA,06931
295,ZDRAVSTVENI DOM ILIRSKA BISTRICA,03561
360,ZDRAVSTVENI DOM IVANČNA GORICA,05844
1521,Zdravstveni dom Ivančna Gorica - zobozdravstvo,05844
964,Zdravstveni dom Izola,03481
805,ZDRAVSTVENI DOM JESENICE,04201
957,Zdravstveni dom Jesenice – zobna,04201
293,ZDRAVSTVENI DOM KOČEVJE,06651
1312,Zdravstveni dom Kočevje - ortodontija,06651
376,ZDRAVSTVENI DOM KOPER CASA DELLA SANITA CAPODISTRIA,03401
851,Zdravstveni dom Krško - zobna,09101
958,Zdravstveni dom Lenart,08025
611,ZDRAVSTVENI DOM LENART,08025
705,ZDRAVSTVENI DOM LENDAVA - EGESZSEGHAZ LENDVA,00351
1631,ZDRAVSTVENI DOM LITIJA,10401
700,ZDRAVSTVENI DOM LITIJA - Zobozdravstvo,10401
691,ZDRAVSTVENI DOM LJUBLJANA - BEŽIGRAD,05030
688,ZDRAVSTVENI DOM LJUBLJANA - CENTER,05150
687,ZDRAVSTVENI DOM LJUBLJANA - MOSTE - POLJE,05300
837,ZDRAVSTVENI DOM LJUBLJANA - ŠENTVID,05469
690,ZDRAVSTVENI DOM LJUBLJANA - ŠIŠKA,05470
689,ZDRAVSTVENI DOM LJUBLJANA - VIČ - RUDNIK,05600
803,ZDRAVSTVENI DOM LJUTOMER,00352
288,ZDRAVSTVENI DOM LOGATEC,07001
327,ZDRAVSTVENI DOM MEDVODE,50501
1579,ZDRAVSTVENI DOM MEDVODE - Zobozdravstvo,50501
354,ZDRAVSTVENI DOM METLIKA,00371
699,ZDRAVSTVENI DOM MURSKA SOBOTA,00353
329,ZDRAVSTVENI DOM NOVO MESTO,00372
373,ZDRAVSTVENI DOM ORMOŽ,07501
806,ZDRAVSTVENI DOM PIRAN POLIAMBULATORIO PIRANO,03521
245,"Zdravstveni dom Postojna, Sanomed d.o.o.",25289
362,ZDRAVSTVENI DOM PTUJ,07715
1518,Zdravstveni dom Radeče - zobozdravstvo,02968
680,ZDRAVSTVENI DOM RADLJE OB DRAVI,14041
1496,Zdravstveni dom Radlje ob Dravi - zobozdravstvo,14041
1061,Zdravstveni dom Radovljica,04385
330,ZDRAVSTVENI DOM RAVNE NA KOROŠKEM,14141
357,ZDRAVSTVENI DOM SEVNICA,02371
1557,ZDRAVSTVENI DOM SEVNICA - zobozdravstvo,02371
291,ZDRAVSTVENI DOM SEŽANA,03681
1683,ZDRAVSTVENI DOM SEŽANA - Zobozdravstvo,03681
710,ZDRAVSTVENI DOM SLOVENJ GRADEC,14300
361,ZDRAVSTVENI DOM SLOVENSKA BISTRICA,07557
311,ZDRAVSTVENI DOM SLOVENSKE KONJICE,02416
1650,ZDRAVSTVENI DOM SLOVENSKE KONJICE - Zobozdravstvo,02416
983,Zdravstveni dom Šentjur,02486
984,ZDRAVSTVENI DOM ŠENTJUR,02486
358,ZDRAVSTVENI DOM ŠMARJE PRI JELŠAH,02546
1214,ZDRAVSTVENI DOM ŠMARJE PRI JELŠAH,02546
333,ZDRAVSTVENI DOM TOLMIN,00133
603,ZDRAVSTVENI DOM TRBOVLJE TRBOVLJE,07317
774,ZDRAVSTVENI DOM TREBNJE,00373
377,ZDRAVSTVENI DOM VELENJE,09502
683,ZDRAVSTVENI DOM VRHNIKA,07071
331,ZDRAVSTVENI DOM ZA ŠTUDENTE UNIVERZE V LJUBLJANI,05900
695,ZDRAVSTVENI DOM ZAGORJE OB SAVI,07381
612,ZDRAVSTVENI DOM ZOBOZDRAVSTVENO VARSTVO NOVA GORICA,00132
694,ZDRAVSTVENI DOM-OSNOVNO VARSTVO NOVA GORICA,00131
1094,ZDRAVSTVENI ZAVOD ARTDENT BLED,27258
1326,ZDRAVSTVENI ZAVOD BELDENT IZOLA,25294
810,Zdravstveni zavod Bem,25271
765,Zdravstveni zavod Celjenje Koper,25267
1351,ZDRAVSTVENI ZAVOD DENTAN KOPER,25326
1124,ZDRAVSTVENI ZAVOD DENTARTES KOPER,25325
1573,Zdravstveni zavod Dentes Portorož,25281
1572,ZDRAVSTVENI ZAVOD DENTOR,27252
256,Zdravstveni zavod Dermoestetika Izola,25272
548,ZDRAVSTVENI ZAVOD FAGANELJ BUT MARIBOR,20547
211,Zdravstveni zavod Fiziatrija Izola,25270
766,Zdravstveni zavod Furlan Ljubljana,55218
1343,Zdravstveni zavod implant dent Izola,25311
282,Zdravstveni zavod Juretić Jadranka Portorož,25282
1211,ZDRAVSTVENI ZAVOD MARKDENS KOPER,25327
767,ZDRAVSTVENI ZAVOD MEDICINSKI CENTER ŠINIGOJ ,33087
1008,"ZDRAVSTVENI ZAVOD MIRADENT KOPER Mirjana Tavčar, dr.dent.med.",25345
1571,ZDRAVSTVENI ZAVOD ODONTO HRPELJE,25329
197,ZDRAVSTVENI ZAVOD ORTODONTIJA VALANT,55167
768,Zdravstveni zavod Reschner,55043
1013,"ZDRAVSTVENI ZAVOD V. DENS IZOLA Verdan Vidaković, dr.dent.med.",25302
1041,ZDRAVSTVENI ZAVOD VARIX KOPER,25324
259,ZDRAVSTVENI ZAVOD ZDRAVJE,12867
158,Zdravstveni zavod Zobovilka Koper,25296
368,"ZDRAVSTVO BERIC, D.O.O.",20677
1111,ZEVNIK LEBEN MIHAELA - ZASEBNA ZOBOZDRAVSTVENA ORDINACIJA ZA ODRASLE,24262
1673,"ZGODBE NASMEHOV, d.o.o.",00980
328,ZGORNJESAVINJSKI ZDRAVSTVENI DOM NAZARJE,09721
1487,ZOB d.o.o.,24226
1598,Zob Slavec d.o.o.,01154
1420,ZOBARNICA d.o.o.,20611
969,"Zobek, d.o.o.",20487
1210,ZOBNA AMBULANTA - GLINTIĆ NEBOJŠA,25191
981,ZOBNA AMBULANTA - RITUPER BOJNEC MIRA,17121
1361,"ZOBNA AMBULANTA ANDREJ DEVETAK, DR.DENT.MED.",03950
1305,"Zobna ambulanta Brezje, Sabina Ajdnik, dr.dent.med.",20596
1664,Zobna ambulanta Cirkovce,20531
1370,Zobna ambulanta Darja Prešern,20517
1368,"ZOBNA AMBULANTA dr. KURILJ, d.o.o.",20707
1309,ZOBNA AMBULANTA FILIPOVIĆ d.o.o.,33125
1427,"Zobna ambulanta Jože Vukan, dr.dent.med.",17222
213,Zobna ambulanta Kostanjšek,25018
1265,ZOBNA AMBULANTA KREUTZ D.O.O.,27241
1078,"ZOBNA AMBULANTA MAKOLE MIROSLAV KOVAČIČ, DR. DENT. MED.",20462
1098,"ZOBNA AMBULANTA MAŠA OSTAŠEVSKI POZNE, DR. DENT. MED.",20524
1405,"ZOBNA AMBULANTA MIRKO LUKAČ, DR.DENT.MED.",17102
1079,"ZOBNA AMBULANTA MOJCA GREGORIČ KOVAČIČ, DR.DENT.MED.",20516
1004,"ZOBNA AMBULANTA RIHARD KULČAR, de.dent.med.",17097
1039,ZOBNA AMBULANTA S KONCESIJO DEKANI HELENA POLES DR.DENT.MED.,25253
1066,"ZOBNA AMBULANTA TREIBER PLEH ESTERA, DR.DENT.MED.",17148
1131,"ZOBNA AMBULANTA ZA ODRASLE ŠUČUR VERICA, DR. DENT. MED.",20316
1639,"ZOBNA AMBULANTA, MANJA CIGLER, DR.DENT.MED.",14633
1193,Zobna ordinacija - Zaplatil Jana,12969
1378,Zobna ordinacija Bojana Vočanec d.o.o. - lokacija Sladki Vrh,00048
1400,ZOBNA ORDINACIJA BOJANA VOČANEC d.o.o. - lokacija Šentilj,00048
1638,"ZOBNA ORDINACIJA FABJAN - TINA FABJAN, DR.DENT.MED.",31242
1158,ZOBNA ORDINACIJA GORKIČ D.O.O.,33108
1623,Zobna ordinacija Irdens d.o.o.,00987
1212,"ZOBNA ORDINACIJA MATEJ HASAJ, DR. DENT. MED.",20726
999,"Zobna ordinacija Meta Česnik, dr.dent.med.",25330
1249,"ZOBNA ORDINACIJA, BARBARA RAŽEN S.P.",55156
1625,"ZOBNA VILA BL, zobozdravstvena dejavnost, d.o.o.",01195
970,Zobna vila d.o.o.,31273
1101,"ZOBNA, ZOBOZDRAVSTVENA DEJAVNOST, D.O.O.",24353
202,ZOBNI ATELJE d.o.o.,20608
1626,Zobni center Pušnik – Novljan d.o.o.,14593
200,ZoboEstetika d.o.o.,29260
1449,ZOBOMIŠKA - Zasebna zobna ambulanta ,29204
1152,ZOBOZDRAVNIKRECELJ.SI,29207
1125,ZOBOZDRAVSTVENA AMBULANTA ZA ODRASLE IVANA KOMES DR. DENT. MED.,20573
1022,"ZOBOZDRAVSTVENA DEJAVNOST, KRISTINA ZIGANTE DR.DENT.MED.",25303
1688,Zobozdravstvena ordinacija - Oblak-Zdolšek Janja dr.dent.med.,24491
1323,Zobozdravstvena ordinacija Andrejka Urbančič Pevc,24239
996,"Zobozdravstvena ordinacija David Bizjak, dr.dent.med.",27144
1376,"ZOBOZDRAVSTVENA ORDINACIJA KOŠAK MARINA, dr. dent. med.",24118
1578,Zobozdravstvena ordinacija Marko Mole,24430
1037,ZOBOZDRAVSTVENA ORDINACIJA NIELS UDIR DR.DENT.MED.,27233
1381,Zobozdravstvena ordinacija Rotar Tomaž,27141
1575,Zobozdravstvena ordinacija Tomaž Banko,24429
1662,"Zobozdravstvene storitve, Jana Bregar, s.p.",01262
1367,Zobozdravstveni center Babit d.o.o.,12968
1574,"Zobozdravstveni center Javh, d.o.o.",27250
1250,"ZOBOZDRAVSTVENI ZAVOD D IN G KOPER, PE Zobna ambulanta za odrasle Zagorje ob Savi",25333
1048,ZOBOZDRAVSTVENI ZAVOD DOKTOR GOLČER,20434
1023,ZOBOZDRAVSTVENI ZAVOD G DENT KOPER,25335
973,ZOBOZDRAVSTVENI ZAVOD MEDICADENS ŠKORJA SORIĆ,25343
1003,"ZOBOZDRAVSTVENI ZAVOD SOK ZLATKO SOK, dr.dent.med.20537",20537
1434,Zobozdravstveni zavod Vertačnik,31182
1306,"Zobozdravstvo Benedek, d.o.o.",31296
1365,ZOBOZDRAVSTVO CIZERL d.o.o.,20714
1612,"Zobozdravstvo Dentea, Mateja Krivograd Verhnjak s.p.",00138
1091,ZOBOZDRAVSTVO DRGANC - ŠTORMAN D.O.O.,29168
1636,"Zobozdravstvo Fras, Roman Fras s.p.",00887
1666,"ZOBOZDRAVSTVO GRABAR, zobozdravstvene in druge storitve d.o.o.",01231
1632,"ZOBOZDRAVSTVO JUDEŽ, zobozdravstvene storitve d.o.o.",01226
1007,"ZOBOZDRAVSTVO KARKOS - MATEJA KARLIN SAMBOLEC, dr.dent.med.",24925
1509,"Zobozdravstvo Košorok, Tomaž Košorok s.p.",00241
1645,Zobozdravstvo Kozina d.o.o.,55025
1596,"ZOBOZDRAVSTVO KRIŽNAR, zobozdravstvene storitve, d.o.o.",00543
1676,ZOBOZDRAVSTVO LUKAN d.o.o.,20687
1076,ZOBOZDRAVSTVO MAJA JAMŠEK STARC,55259
1597,Zobozdravstvo Matevžič d.o.o.,01174
1049,ZOBOZDRAVSTVO MUC ZOBOZDRAVSTVENA DEJAVNOST D.O.O.,29220
176,"ZOBOZDRAVSTVO OBLAK d.o.o.,podružnica Ljubljana-implantološk",27131
1439,Zobozdravstvo odraslih Palič Andreja,29015
593,"ZOBOZDRAVSTVO TURK, ORTODONTSKA IN ZOBOZDRAVSTVENA ORDINACIJA, D.O.O.",20626
1413,ZOBOZDRAVSTVO VIHER d.o.o.,20619
1342,Zobozdravstvo Vika Vodovnik d.o.o.,33121
1084,"ZO-LA, ZOBOZDRAVSTVO LAZAREVIĆ, D.O.O.",17239
1481,Zupet Žnidaršič Polona - Zasebna zobna ordinacija,24184
1552,"ZZ ARSMED-ORTODONTIJA SEŽANA - Tanja Lah Kržin, dr.dent.med., spec.",00429
995,ZZZ DR. MALE,20438
994,ZZZ DR. MALE,20599
1278,Železniški zdravstveni dom Ljubljana-Zobozdravstvo,06501
1222,"Žižek Albina, dr. dent. m",20656
