id,name,code,count
1311,"0.4, zobozdravstvene storitve d.o.o.",24485,1
1018,1A- DENT ZOBJE d.o.o.,14664,1
1296,A DENT d.o.o.,25027,1
174,A.MLINAR d.o.o.-parodontologija Koper,25051,3
1021,"A.S. LINEA, D.O.O.",27142,1
1621,"AB Nasmeh, zobozdravstvene in druge storitve, d.o.o.",01167,1
1446,A-Dens d.o.o.,55152,1
1279,AERODENT d.o.o.,12866,1
711,"AGENCIJA AVANTA d.o.o., Ljubljana",55019,1
1263,"ALERGOLOŠKA  PEDIATRIČNA ORDINACIJA, VESNA PLEVNIK VODUŠEK DR. MED. ",00145,1
1677,ALERGOLOŠKA ORDINACIJA MARJETA TOMŠIČ,00972,1
712,AL-MEDICO,24436,1
561,"ALVEOLA D.O.O. ALBERT KLOBUČAR, DR. MED.",20415,1
1425,Ambrožič - Korošec Andreja - Dejavnost zobozdravstva odraslih,19351,1
1085,AMBROŽIČ SELINA - ZASEBNA ZOBNA ORDINACIJA,33052,1
352,AMBULANTA ARIA D.O.O.,31309,1
277,Ambulanta Čebelica d.o.o.,20698,1
1617,Ambulanta fiziatrija,00956,1
285,"Ambulanta za ginekologijo in por. ter bolezni dojk Danica Hrvatin, dr.med.",25098,1
544,"AMBULANTA ZA MAKSILOFACIALNO IN ORALNO KIRURGIJO IN ZOBOZDRAVSTVO, MARIJA CIGLER, DR.DENT.MED.",14560,1
23,"Ambulanta za oralno kirurgijo - DENIS HASANAGIĆ, DR.DENT.MED.SPEC.",20636,1
931,Ana Krajnc - fizioterapija,00003,1
713,Animula d.o.o.,55004,1
1568,Anka Perpar - BELI DENT Zobna ordinacija,55196,1
307,APEKS D.O.O.,27147,1
1245,APEX-T.A ZOBOZDRAVSTVO D.O.O.,24365,1
272,ARBORMEA MEDICAL D.O.O.,55153,1
275,Archimed d.o.o.,20047,1
954,Ardea d.o.o. ,55256,1
186,Ardens d.o.o.,25287,1
218,ARJANA MAČEK d.o.o.,24437,1
219,ART OPTIKA d.o.o.,33081,1
801,"ARTROS, D.O.O.",55017,1
345,asist. Dr. MEDJEDOVIC ISMET - Kirurška ambulanta,12813,1
974,ATELJE D d.o.o.,20624,1
276,AVELANA d.o.o.,29196,1
191,AZUR Zdravstveni zavod - Nevrološka ambulanta Lesce,04965,1
1671,B.D.D.-DENTAL zobozdravstvena dejavnost d.o.o.,00826,1
1273,BAN-FRIŠČIČ GORDANA - DOKTOR STOMATOLOGIJE,24970,1
537,BARSOS-MC D.O.O.,12971,1
1404,Bartolić-Martinez Željka - Zasebna zobna ambulanta,20376,1
1103,BELEHAR URBAN - 2 LEVA,27231,1
1589,"BELI MEDVED d.o.o., Radovljica",27024,2
1093,BERANIČ STANISLAV - DOKTOR STOMATOLOGIJE,19412,1
1364,Bezenšek Karolina (Zasebna Fizioterapija),20248,1
1157,BH AJA D.O.O.,20607,1
1153,BIOZOBOZDRAVSTVO D.O.O.,27281,1
1383,"Blaž Kalan, dr.dent.med.-Zasebna zobna ordinacija",27239,1
1114,"BLAŽ KNEZ, DR. DENT. MED., ZOBNA ORDINACIJA",25298,1
1148,BODENT D.O.O.,17240,1
1417,Boljka Duša - Zobna ordinacija,24059,1
297,BOLNIŠNICA SEŽANA,03771,1
676,BOLNIŠNICA TOPOLŠICA,09601,1
322,BOLNIŠNICA ZA GINEKOLOGIJO IN PORODNIŠTVO KRANJ,04031,1
812,Bolnišnica za otroke Šentvid pri Stični,11661,1
296,BOLNIŠNICA ZA ŽENSKE BOLEZNI IN PORODNIŠTVO POSTOJNA,03751,1
1205,bp d.o.o.,17197,1
1272,BRANČURNIK D.O.O.,14551,1
558,Breda JELEN-SOBOČAN - psihiatrična ordinacija,24094,1
861,Breitenberger Katarina - višja fizioterapevtka,24051,1
279,BROVET d.o.o.,55202,1
715,CARDIAL d.o.o.,24994,1
1288,"Center za aktivno zdravje, Zasebna fizioterapija Barbara Klančič, dipl.fiziot.",00156,1
542,"CENTER ZA KOMUNIKACIJO, SLUH IN GOVOR PORTOROŽ",25146,1
838,CENTER ZA SLUH IN GOVOR MARIBOR,20215,1
1025,"CHUM - ZIERER VESNA, dr.dent.med. - ZOBNA AMBULANTA",20344,1
1313,CIMAN ROBERT - ZOBNA ORDINACIJA,33020,1
1379,Corona Dentis d.o.o.,20220,1
1165,CUSPIS ZOBOZDRAVSTVO D.O.O.,20482,1
1107,CVELBAR JUDITA - ZASEBNA ZOBOZDRAVSTVENA ORDINACIJA,24296,1
1334,CYCLOPET d.o.o.,55243,1
871,Čebokelj Petra (Zasebna Fizioterapija),31236,1
12,Čigon Anamarija - stomatološka ordinacija,24783,1
1656,DANCE-DENT d.o.o.,01267,1
716,Daruma d.o.o.,55006,1
1304,"Davor Štanfel, dr.dent.med.-Zasebna stomatološka ordinacija",25127,1
1373,Debelak Simona - Zobozdravstvena ordinacija,27028,1
1026,"DEJAN EBENŠPANGER, dr.dent.med. - ZOBNA ORDINACIJA",17094,1
1281,"DEJAN STOJANOV, dr.dent.med.zasebni zobozdravnik",00109,1
1033,DENIS AČKO JARKOVIČ DR.DENT.MED. ZOBNA AMBULANTA,25265,1
1448,"Denis Džanković, dr.dent.med., Zasebna zobozdravstvena ordinacija",29269,1
1561,DENS BARLIČ d.o.o.,31261,1
1680,DENS CANINUS d.o.o,01283,1
1565,DENT MEDICO TERAN d.o.o.,00401,1
332,DENTAL ART D.O.O.,31214,1
1407,"DENTAL B, zobozdravstvene in zdravstvene storitve, d.o.o.",20664,1
1137,Dental center d.o.o.,20579,1
1560,Dental Design d.o.o.,24315,1
1679,"DENTAL PRO, zobozdravstvena dejavnost, Georg Bolis s.p.",01005,1
1363,DENTALEN-TERJAK DRUŽBA ZA ZOBOZDRAVSTVENO DEJAVNOST D.O.O.,20141,1
1515,"DENTALNA AKADEMIJA D.O.O. - Saša Savić, dr.dent.med., spec.",00238,1
1657,Dentalni atelje d.o.o.,00903,1
1319,Dentalni center dr. Lah Kravanja d.o.o.-Ortodontija Bovec,33091,3
1678,"Dentalni center Jakoš, d.o.o.",01544,1
1435,"DENTALNI IN ESTETSKI STUDIO VB, d.o.o.",20730,1
1207,"DENTALNI STUDIO AS - ZORIČ HOMAN ALEKSANDRA, DR. DENT. MED.",55072,1
1128,DENTALNI STUDIO BARBARA ŠKRLJ GOLOB,24431,1
179,"Dentalni studio Manja Pavlič, dr.dent.med.",20513,1
1073,DENTALNI STUDIO MB D.O.O.,20670,1
1443,"DENTAMEDICA, d.o.o.",20633,1
1338,DENTART d.o.o.,24802,1
1520,DENTEC - Zdravstvene storitve d.o.o.,25067,1
1660,"DENTEX, zobozdravstvene storitve d.o.o.",55145,1
1186,Dentiko d.o.o. - zobna ambulanta ,20652,1
1635,DENTIM zobozdravstvo d.o.o.,29255,1
1328,Dentin d.o.o.,20490,1
1684,"DentisMed, zobozdravstvo in druge storitve d.o.o.",01587,1
1419,Dentmed d.o.o.,20672,1
1231,DEPIK d.o.o.,24516,1
310,"DERMA SAN, d.o.o.",31308,1
1510,"Dermadent, d.o.o. Ljubljana, PE Dermatologija Dermadent",24871,1
584,"DERMAMED SPECIALISTICNA AMBULANTA LIDIJA PUSTAI-ŠAFARIC, DR.MED., SPEC.DERMATOVENEROLOG",17115,1
1136,Dermastja Desislava-Zasebna zobozdravstvena ordinacija,55066,1
1506,Dermatologija Bartenjev d.o.o.,24320,1
717,Dermatologija Maja Kalac Pandurovic d.o.o.,20697,1
538,Dermatologija Rogl Fabjan,24346,1
1514,DERMATOLOŠKI CENTER FABJAN,00244,1
220,Dermatovenerologija Natalija Evdakova Bodiroža,27269,1
274,DERMIS Spec. derm. alergološka ambulanta d.o.o.,29208,1
547,Diagnostični center Agatonović d.o.o.,27214,1
702,DIAGNOSTIČNI CENTER BLED D.O.O.,04970,1
1567,DIAGNOSTIČNI CENTER ROGAŠKA D.O.O.,00495,1
546,"Diagnostika d.o.o, Zdravko Tošović, internist",27064,1
1346,Diana Okretič - Zobozdravstvena ordinacija,25154,1
1637,DIDENT D.O.O.,27255,1
309,"DIGITALNA SLIKOVNA DIAGNOSTIKA, d.o.o.",20663,1
1068,DIKIĆ KRSTINIĆ SNEŽANA - ZOBOZDRAVSTVO ODRASLIH,24773,1
1655,DK DENT zobozdravstvo in druge storitve d.o.o.,01268,1
16,"DKC, dentalno kirurški center, d.o.o.",55015,1
1436,DODODENT d.o.o.,24425,1
882,Dom dr. Jožeta Potrča Poljčane,20216,1
1582,Dom starejših občanov Polde Eberl - Jamski ,12610,1
959,Dom upokojencev Ptuj,20218,1
1123,DOMICIJAN D.O.O.,27148,1
564,"DR. KOŠUTIC, INTERNISTICNA GASTROENTEROLOŠKA AMBULANTA",31067,1
580,"DR. POŠTENJAK D.O.O. SPECIALISTICNA PSIHIATRICNA AMBULANTNA DEJAVNOST, MAG.SCI. VLADIMIR POŠTENJAK",20387,1
13,Dr.ČOK DENTAL ZOBOZDRAVSTVO d.o.o.,25257,1
180,"Dr.Pavšič d.o.o., PE Škofja Loka",24221,1
590,DR.ŠEGOTA - PULMOLOG. D.O.O. SPECIALISTIČNE ZDRAVSTVENE STORITVE,31298,1
1060,"DUA DENT, ZOBOZDRAVSTVENE STORITVE, D.O.O.",33123,1
1513,"E.A.T. d.o.o. - prof.dr.Martina Drevenšek, dr.dent.med.,spec.",00253,2
1615,ECOOP d.o.o.,00299,1
1588,"ELiTE DENTAL, zobozdravstveni center d.o.o.",00986,1
1627,ELIZABETA ZALETEL - ZOBOZDRAVSTVENA DEJAVNOST - ČELJUSTNA IN ZOBNA ORTOPEDIJA IN SPLOŠNO ZOBOZDRAVST,01193,1
720,EMOTIVA d.o.o.,27213,1
159,ENDODENT d.o.o.,24336,1
551,ENDOMED D.O.O.,19492,1
1483,Eršte Božena - Zasebna stomatološka ordinacija,20143,1
1375,Espoir d.o.o.,55028,1
1570,ESTETIKA d.o.o.,27168,1
825,Estetika Fabjan d.o.o. splošna in plastična kirurgija,27139,1
222,EUPNEA internistična ambulanta d.o.o.,17056,1
1599,"EVA, PODJETJE ZA ZDRAVSTVENO DEJAVNOST KRŠKO D.O.O.",29169,1
1216,FA Dental,00047,1
1558,FABJAN BEAUTY d.o.o.,00432,1
1232,FELE ŽUJIČ ANICA - ZASEBNA ZOBNA ORDINACIJA,24039,1
18,Ferdent d.o.o.,31284,1
1138,FERRAN DENT d.o.o.,27249,1
1187,FIDELITAS d.o.o.,25222,1
943,FIMEDIA FIZIOTERAPIJA D.O.O.,20189,1
872,"FIZIKALIJA, FIZIKALNA REHABILITACIJA d.o.o. Varmuž",25237,1
901,Fizio Andrea,24360,1
918,Fizio center plus d.o.o.,55021,1
925,FIZIO.BK FIZIOTERAPIJA storitve in svetovanje d.o.o.,20746,1
961,FIZIOLILI LILI ŠILER S.P.,29237,1
906,Fizioterapevtski zavod Marchetti Maribor,20699,1
927,Fizioterapija Alenka Jerič Jaklič,12959,1
1150,"FIZIOTERAPIJA FIZIO SMART, Aleša Kloosterwaard",00121,1
874,Fizioterapija Frank d.o.o.,25344,1
870,FIZIOTERAPIJA HELENA BELIN,31221,1
1646,Fizioterapija in kineziologija Sluga d.o.o.,01241,1
878,Fizioterapija Ines Lenček,25264,1
910,Fizioterapija Ivanšek,24082,1
1620,Fizioterapija Jamnišek d.o.o.,01123,1
944,FIZIOTERAPIJA MAJCEN d.o.o.,29252,1
880,Fizioterapija Majda Klakočer,31040,1
900,Fizioterapija Marija Murn,24357,1
902,Fizioterapija Marinka,24359,1
929,Fizioterapija MEDA,17078,1
897,Fizioterapija Mirjana Krajnik,24076,1
1429,Fizioterapija Mužar – Andreja Mužar,29147,1
1651,Fizioterapija Pika d.o.o.,01134,1
1295,Fizioterapija Plešnik s.p.,02886,1
883,Fizioterapija Pogačar,24106,1
945,Fizioterapija Reven d.o.o.,55219,1
948,FIZIOTERAPIJA RUDOLFOVO D.O.O.,29253,1
862,FIZIOTERAPIJA SEŽANA,25049,1
1580,Fizioterapija Simon Bole S.P,00280,1
1654,FIZIOTERAPIJA SMO d.o.o. ,01233,1
1659,FIZIOTERAPIJA ŠOŠTARIČ d.o.o.,01232,1
928,Fizioterapija TEZO d.o.o.,24448,1
891,Fizioterapija Urankar,31098,1
1670,FIZIOTERAPIJA VIDA D.O.O.,01309,1
887,FIZIOTERAPIJA VODEB,29137,1
885,Fizioterapija Wolf,24154,1
886,Fizioterapija Zdenka Jerman,24252,1
909,Fizioterapija Žargi d.o.o.,55117,1
1592,"FIZIOTERAPIJA, Andreja Andrašič S.P. ",17199,1
1275,"Fizioterapija, Luka Sumrak, s.p.",00146,1
1675,FIZIOVAN d.o.o.,01529,1
916,FIZIS d.o.o.,20102,1
550,FMR PLUS D.O.O.,24918,1
889,FT Tršan d.o.o.,27220,1
1317,FUNDUK ANDREJČIČ SONJA - ZOBOZDRAVSTVO,12961,1
223,Gastromedica d.o.o.,17099,1
1322,"GDENT Uroš Franc Gašperin, dr.dent.med.",55154,1
263,"GEMINI, Spec.amb. za gin., perin, in ult.diagnost.",17211,1
1088,"GNAMUŠ DENTAL, SPLOŠNO ZOBOZDRAVSTVO, D.O.O.",14638,1
1630,"GO ORTO d.o.o. - Jure Klaj, specialist čeljustne in zobne ortopedije",01191,1
1109,GOR COM d.o.o.,31263,1
1030,"GORENC MOJCA, dr.dent.med. - ZASEBNA ZOBNA AMBULANTA",24318,1
1556,"GOTAMA, d.o.o.-Dejan Pirtovšek, dr.dent.med., spec.čelj. In zobne ortopedije",00641,1
1110,GRANDOŠEK KSENIJA - ZASEBNA ZOBOZDRAVNICA,20416,1
1377,Grand-Rabič Simona - Zobna ambulanta,20385,1
1120,Grčar Mateja - Zobozdravstvo,27060,1
553,GroMed otorinolaringologija d.o.o.,27254,1
1314,"GROZNIK MATEVŽ, DR. DENT. MED., ZASEBNA ZOBNA ORDINACIJA",55074,1
1559,"GS - DENS, zobozdravstvo, d.o.o.",00424,1
1619,Guna Jernej - zasebna zobna ordinacija,24765,1
1511,"HEON d.o.o., Stanka Herman, dr.dent.med., specialist čeljustne in zobne ortopedije",24342,1
1424,HEPI-DENT d.o.o.,55231,1
1282,"Hribar Sašo, dr.dent.med.",31293,1
1350,HumanikDent d.o.o.,14659,1
283,iATROS,24627,1
1512,"IMJPerio parodontologija in implantologija d.o.o., ",00235,1
185,Implantološki center d.o.o.,27143,1
722,"INMED d.o.o., Medicina in tehnika Ljubljana",24790,1
557,INŠTITUT ZA KLINIČNO PSIHOLOGIJO - IN PSIHOTERAPIJO - IKPP,24178,1
599,INTERMED D.O.O.,20048,1
724,"Internisticna ambulanta Vesna Vodopivec, dr.med.",25081,1
566,"INTERNISTICNA SRCNO - ŽILNA AMBULANTA BOJAN KRIVEC, DR.MED., SPEC. INTERNIST",31240,1
581,"INTERNISTICNI CENTER PREBIL, UROŠ PREBIL S.P.",27261,1
540,"INTERNISTICNO - PULMOLOŠKA SPECIALISTICNA ORDINACIJA, MILORAD BUDISAVLJEVIC, DR.MED., SPEC.",20357,1
224,INTERNISTIČNA GE AMBULANTA D.O.O.,33075,1
347,INTERNISTIČNO PULMOLOŠKA AMBULANTA Bombek .d.o.o.,20703,1
977,ISTRABENZ TURIZEM Terme Portorož,03474,1
1442,Jamal Tafi Mohamed - zasebna zobozdravstvena ordinacija,20265,1
1118,JANADENTAL ZOBNA ORDINACIJA D.O.O.,14655,1
1384,Jančar Blaži - Zobozdravstvena ordinacija,24507,1
1310,JANEŽIČ IVAN - ZASEBNA ZOBNA AMBULANTA,19354,1
1640,"Jasmina Vengust, dr.dent.med.-Zasebna zobozdravstvena ambulanta",31179,1
226,JAZINDIABETES d.o.o.,55041,1
1602,"Jo-Dent, zasebna zobna ambulanta, Jula Jošt, Dr. Dent.",00084,1
1525,Jure Penica - zasebna fizioterapija,00309,1
1685,"Jurij Žargi, dr. dent. med. Zobozdravstvena ordinacija Bežigrajski dvor",55061,1
1072,"JVP DENTAL, ZOBOZDRAVSTVENE STORITVE, D.O.O.",31313,1
1595,"K & C, d.o.o. ",27185,1
1336,KAMA-DENT d.o.o.,24240,1
227,KAMBIČ - KAFOL d.o.o.,55084,1
832,KAMELEON d.o.o.,20500,2
1164,KANSKY GABERŠEK MARINA - ZOBOZDRAVSTVENA ORDINACIJA,12999,1
258,Kardio Klokočovnik d.o.o.,25275,1
1537,"Kardiologija Dvorec Lanovž, Miha Mežnar s.p.",00222,1
763,KARDIOLOŠKA AMBULANTA SMEDICINA d.o.o.,55168,1
543,KARDIOLOŠKA AMBULANTA VASACOR D.O.O.,31254,1
1609,KARDIOLOŠKI CENTER D.O.O. ,01185,1
727,KARDIOMED d.o.o.,20454,1
305,"KARMEN KRAMER VRŠČAJ, dr.med., Internistična amb. Za pljučne in alergijske bolezni",31286,1
1106,KASTELEC STANOVNIK LADKA - ZASEBNA ZOBOZDRAVSTVENA ORDINACIJA,24619,1
1341,KAURI-S d.o.o.,33098,1
1117,KEKEC LILJANA - ZASEBNA ZOBNA AMBULANTA ZA ODRASLE,20247,1
813,KIRURGIJA BITENC,55175,1
823,KIRURŠKI CENTER TOŠ D.O.O.,20702,1
804,Kirurški sanatorij Rožna dolina d.o.o.,24130,1
1015,"KLANČIČ LUCIJA, dr.dent.med. - ZOBNA AMBULANTA",33060,1
164,KLANMEDIC d.o.o.,33104,1
1522,Klasična masaža Martin Klešnik s.p.,00284,1
778,Klinično psihološka ordinacija Irena Brudar,29191,1
1077,KLINIČNO PSIHOLOŠKA ORDINACIJA MAG. HERMINA MERC                       ,20553,1
728,KLINIKA DOKTOR24 d.o.o.,55077,1
1133,KOMATAR MAJA - ZOBOZDRAVSTVENA ORDINACIJA,24186,1
1426,Kovačevič Tessenyi Irena - Zobna ordinacija,24063,1
1055,"KRANJEC LEOPOLDINA, dr.dent.med. - ZOBNA ORDINACIJA",24150,1
1058,KREZOVIĆ-LOVKO LJILJANA - ZASEBNA ZOBOZDRAVSTVENA ORDINACIJA,25106,1
1508,Križaj d.o.o.,24339,1
1067,KRSTINIĆ GORAN - ZOBOZDRAVSTVO ODRASLIH,24771,1
268,"KSENIJA DE LORENZI,Zdravstvo in nepremičnine d.o.o",33119,1
1423,"KSP DENT, d.o.o.",20691,1
1546,KULDENT zobozdravstvo d.o.o.,00406,1
1396,Kusanović Jadranko - ZOBNI ATELJE - Zasebna zobozdravstvena ambulanta za odrasle,20320,1
1584,Kuzmanović Čedomir - Zasebni zobozdravnik,29131,1
1663,Lampros Skamagkoulis - zobozdravstvena dejavnost - oralna kirurgija v zobozdravstveni dejavnosti,01279,1
1372,LC dent d.o.o.,00034,1
849,"LE SKUPAJ, d.o.o.",17227,1
1081,"LE-AN DENT, ZASEBNA ZOBNA ORDINACIJA, D.O.O.",27232,1
1406,Lep nasmeh d.o.o.,20637,1
1339,"LESKOVEC, storitve, d.o.o.",24466,1
1046,LOBNIK - GOMILŠEK BOJANA - DOKTOR STOMATOLOGIJE,20182,1
1036,"LOGAR-DERNIČ TJAŠA, dr.dent.med. - ZOBNA AMBULANTA",25120,1
1408,Lovšin Urška - Zobozdravstvena ordinacija,24304,1
194,Lukana d.o.o.,31226,1
1012,"LUKIČ MERELA ANA, dr.dent.med. - ZOBOZDRAVSTVENA AMBULANTA",24540,1
1674,LUMED d.o.o.,01234,1
920,M&R Milena Mikulin,25095,1
1262,MADENS d.o.o.,20736,1
1045,MAEDENTIS NEVENA JOSIPOVIĆ DR.DENT.MED.,20712,1
1089,"MAG. VOJIN RAŠIĆ, DDM ZASEBNA ZOBNA ORDINACIJA",55091,1
1553,MAJA GLUVIČ - SPECIALISTIČNA ENDODONTSKA ORDINACIJA IN SPLOŠNO ZOBOZDRAVSTVO,00700,1
1149,MAJC MARTINA - ZOBOZDRAVSTVENA ORDINACIJA,27070,1
1266,MAJOMA d.o.o.,20690,1
1168,Mamelon d.o.o.,17235,1
1229,MARČUN MATEJA - ZASEBNA ZOBOZDRAVSTVENA ORDINACIJA,27123,1
1297,"Margita Zupanc Porenta, dr. dent. med. ZASEBNA ZOBNA ORDINACIJA",27208,1
971,"MARIDENT, d.o.o.",25238,1
1500,Marija Ujević Šalković - Zobozdravstvena dejavnost,00221,1
229,Markelj d.o.o.,29152,1
1493,MARTA GERIĆ - ZOBOZDRAVSTVENA AMBULANTA,24968,1
956,Matanič Jasenka - Zobozdravnik,25047,1
834,MC MEDICOR D.D.,25232,1
568,"MCL, PSIHIATRICNA ORDINACIJA D.O.O.",55178,1
230,MD Medicina d.o.o.,55013,1
1643,"M-DENS, zobozdravstvena ordinacija in laboratorij za zobno protetiko, d.o.o.",00091,1
1501,"MDENT, Zobozdravstvene storitve, Mihajlo Frangov S.P.",00223,1
569,"MDT, PODJETJE ZA MEDICINSKO DIAGNOSTIKO, TERAPIJO IN TEHNOLOGIJO, D.O.O.",20211,1
193,MedDen S d.o.o.,17230,1
1485,MEDENS d.o.o.,31294,1
729,MEDGEN d.o.o.,24326,1
730,MEDI CONS D.O.O.,29213,1
731,MEDI PULMO d.o.o.,55203,1
198,MEDIACOM Kranj d.o.o.,27106,1
1590,Mediarh d.o.o.,14630,1
701,MEDICAL CENTER ROGAŠKA,02889,1
1261,MEDICINSKI CENTER GORJANC,14596,1
231,Medicinski center Heliks d.o.o.,24348,1
1526,Medicinski center Humano d.o.o.,00327,1
1529,Medicinski center Medartis d.o.o.,03354,1
732,"Medico Dr. Sentocnik d.o.o., Ljubljana",24464,1
1014,"MEDICODENT, ZOBOZDRAVSTVENE STORITVE D.O.O.",14635,1
1316,MEDICO-DENTES d.o.o.,12860,1
1532,Medicointerna d.o.o.,55276,1
696,MEDICOR D.O.O.,24345,1
786,MEDICUS PARTNER d.o.o.,03329,1
14,"MEDICUS, d.o.o.-PE Barjanska",12851,2
783,Medik ultrazvočna dignostika - Igor Kočevar,31136,1
1528,MEDIKO BMT d.o.o,00336,1
888,Mediko d.o.o.,24818,1
571,"MEDILAB D.O.O., DIAGNOSTICNI RADIOLOŠKI CENTER",24120,1
573,MEDIVITA D.O.O.,17166,1
1414,MEDIZOB d.o.o.,20737,1
572,Medur d.o.o.,24861,1
1246,MEL DENT d.o.o.,27215,1
1594,MELADENS d.o.o.,31306,1
232,"MENTAL svetovanje, d.o.o.",29201,1
1403,MERIDIUS TOP d.o.o.,20590,1
1395,Metličar Anton - DOKTOR STOMATOLOGIJE,03386,1
20,MG ORTODONT d.o.o.,29264,1
1477,"Miha Markelj, dr.dent.med. - Zobna ordinacija Videm",24337,1
1206,MIJATOVIČ JOVAN - ZOBNA AMBULANTA,12881,1
1318,MIKMAR d.o.o.,20491,1
173,Mikuž d.o.o.,55122,1
1682,"MILUJA, zobozdravstvo, d.o.o. - Luka Gomezelj, dr.dent.med.",01511,1
1642,"MK DENTAL D.O.O., ZOBOZDRAVSTVO IN DRUGE DEJAVNOSTI",01237,1
772,MLADINSKO KLIMATSKO ZDRAVILIŠČE RAKITNA,10931,1
1366,Mladinsko zobozdravstvo MOIDENT,14631,1
574,MLINAR VISUS D.O.O.,14622,1
1020,M-MEDIKO D.O.O.,55110,1
1618,"MOJCA LAJH, SPECIALISTIČNA ORTODONTSKA AMBULANTA",01188,1
575,MORELA OKULISTI D.O.O.,24419,1
233,MTC Fontana d.o.o.,20546,1
1075,"NAGLIDENT, DRUŽBA ZA ZOBOZDRAVSTVENE IN OSTALE STORITVE, D.O.O.",27134,1
1163,NAL D.O.O.,24417,1
1227,Naravno zdravilišče Topolšica d.d.,09771,1
1633,NASMEH ZOBOZDRAVSTVO d.o.o.,29159,1
963,Nataša Dajović - Zasebna zobozdravstvena ordinacija,29216,1
1661,ND Dental d.o.o.-Neja Jurjec Smole dr.dent.med.,00215,1
576,"NEFRODIAL, NEFROLOŠKA IN DIALIZNA DEJAVNOST, D.O.O.",31012,1
315,NEUROEDINA D.O.O.,29228,1
15,NEVRIT d.o.o. prof.dr.Miro Denišlič,24571,1
206,"Nevrološka ambulanta Marjetka Clemenz, dr.med.",24143,1
552,NEVROMED DIAGNOSTICNI CENTER D.O.O.,31271,1
847,NIJZ,50505,1
1440,Nikič Alenka - Doktor stomatologije,29012,1
1344,"NO DOL, d.o.o.",20603,1
1610,OA D.O.O.,01138,1
733,OBJEM ZDRAVJA d.o.o.,27268,1
178,Obrez Oblak Karin - Zobna in celjustna ortopedija,24155,1
784,Oculus s.p.,55045,1
597,OČESNA AMBULANTA NAKLO D.O.O.,27217,1
234,Očesna ambulanta Ophtacom,24914,1
235,Očesna ambulanta Vid,17192,1
600,"OČESNA ORDINACIJA - ALOJZ ŽIČKAR, DR.MED., SPEC. OFTALMOLOG",19491,1
236,"Očesna ordinacija Andrej Verk, dr.med.",20486,1
736,Očesna ordinacija in optika Oftalma,55053,1
214,"Očesna Ordinacija Preskar, Spe vivimus d.o.o.",29200,1
237,Očesni center HUDOVERNIK d.o.o.,20684,1
811,"OČESNI CENTER IRMAN, d.o.o.",31100,1
238,Očesni center optimist d.o.o.,55052,1
269,Očesni center Preskar,29188,1
270,Očesni center Pušnik – Novljan d.o.o.,14593,2
265,OFTAMED d.o.o.,20429,1
267,OKC Očesni kirurški center dr. Pfeifer,24362,1
239,Okovid d.o.o.,14660,1
554,"OKULISTICNA AMBULANTA  SMILJANA GRUDEN, DR. MED., SPEC. OFTALMOLOGIJE",25215,1
734,Okulisticna ordinacija Bonis d.o.o.,55044,1
221,Okulistika Clarus d.o.o.,12919,1
1127,Okulistika Falež d.o.o.,20530,1
241,OKULISTIKA Meh d.o.o.,31211,1
240,"Okulistika Tatjana Šolar, dr.med.",27211,1
577,"OKULODENT D.O.O. MILKA POFUK KOSTADINOVIĆ, DR.MED.SPEC.OFTALMOLOG",25132,1
752,OKUMED d.o.o.,00036,1
738,Olivier's d.o.o.,17132,1
830,ONKOLOŠKI INŠTITUT LJUBLJANA,10481,3
284,OptimaMed Dializni center Vojnik d.o.o.,31175,1
286,Optomed d.o.o.,27207,1
833,OPTOVID d.o.o.,55042,1
195,"ORALNA KIRURGIJA IN ESTETSKO ZOBOZDRAVSTVO, ORDINACIJA TETIČKOVIČ",24100,1
169,"Oralna kirurgija in zobozdravstvo Aleksander Lipovec, dr.dent.med.,",25116,1
739,"Ord. za bolezni ušes, nosu in grla LANŠČAK d.o.o.",17200,1
273,"ORDINACIJA dr. NOVAK BRECELJ, zdrav.storitve d.o.o",55174,1
740,"Ordinacija za bolezni ušes, nosu in grla Bojan Rok, dr.med.",12887,1
741,"Ordinacija za bolezni ušes, nosu in grla Miran Rakuš, dr.med.",12889,1
1357,ORDINACIJA ZEVNIK,27282,1
1616,"ORL Kurent, specialistična ambulanta za bolezni ušes, nosu in grla, d.o.o.",01200,1
188,Orthas d.o.o.,17220,1
17,ORTHOS zavod za ortodontijo in maksilofacialno ortopedijo,24114,1
9,Orthosan d.o.o.,29187,1
840,ORTO D d.o.o.,29270,1
184,ORTO specialisticna zobna ambulanta d.o.o.,14620,1
1129,"ORTO4U, ZOBOZDRAVSTVENA DEJAVNOST, D.O.O.",27274,1
1611,"ORTOBOR, ORTOPEDSKA DEJAVNOST, D.O.O.",01189,1
7,"Ortodent, d.o.o.",20591,1
166,ORTODONT KOPER,33095,1
201,"ORTODONTIJA , ZOBOZDRAVSTVO VRBIC d.o.o.",24699,1
1593,Ortodontija Ferlež d.o.o.,29256,1
161,Ortodontija Južina Dowhyj,27262,1
170,Ortodontija Malinger d.o.o.,31322,1
24,ORTOESTETIK d.o.o.,20558,1
278,Orto-ped d.o.o.,24452,1
582,ORTOPEDIJA PRETTNER D.O.O.,17228,1
207,"Ortopedska ambulanta Sašo Tonejc, dr.med.",20197,1
692,ORTOPEDSKA BOLNIŠNICA VALDOLTRA OSPEDALE ORTOPEDICO VALDOLTRA,03791,1
976,"Oskar in Barbara Zobozdravstvene storitve, d.o.o.",25301,1
707,OZG ZDRAVSTVENI DOM  BLED,04820,4
289,OZG ZDRAVSTVENI DOM KRANJ - specialisti,04450,2
681,OZG ZDRAVSTVENI DOM RADOVLJICA,04385,2
679,OZG ZDRAVSTVENI DOM ŠKOFJA LOKA,04660,2
682,OZG ZDRAVSTVENI DOM TRŽIČ,04330,2
955,Palčnik Mihaela - Višja fizioterapevtka,19494,1
204,Parodontologija Igličar,27245,1
1040,"PAVLOVIĆ RADE, dr.dent.med. - DOKTOR STOMATOLOGIJE",27013,1
1422,PermaDent zobozdravstvena dejavnost d.o.o.,00809,1
826,PHYSIS MEDICINSKO SVETOVANJE IN STORITVE D.O.O.,24470,1
742,PKM d.o.o.,55014,1
1658,"PKR DENT, zobozdravstvo in druge storitve, d.o.o.",01265,1
157,Plasticna kirurgija Janežič Tomaž Janežič s.p.,55016,1
536,"PLASTIČNA, REKONSTRUKCIJSKA IN ESTETSKA KIRURGIJA ARNEŽ D.O.O.",55009,1
1056,"POKERŽNIK PETER, dr.dent.med. - ZASEBNI ZOBOZDRAVNIK",20426,1
1479,POLO - DENT d.o.o.,55200,1
1488,Potokar Mojca - Zobna ordinacija,24160,1
1031,POŽRL MARKO DR.DENT.MED. - ZOBOZDRAVSTVENA ORDINACIJA,25231,1
822,PRAKAŠ MILANKA - PEDOPSIHIATRIČNA AMBULANTA,29241,1
930,PRANA SHRI D.O.O.,00040,1
1005,"PRAPROTNIK IGOR, dr.dent.med. - DOKTOR STOMATOLOGIJE",12906,1
743,"PRAVOVID, ocesna ord. Maja Sojer Štular, d.o.o.",24460,1
1430,PRENADENT d.o.o.,55161,1
585,"PRIVATNA PSIHIATRIČNA AMUBLANTA EDVARD REPOLUSK, DR.MED,. SPEC NEVRO-PSIHIATER",27110,1
1324,Privšek Iztok - Zobozdravstvo,24065,1
1672,Probocca d.o.o.,01245,1
744,Psih.in psihoter.ordinacija Klelija Hrovatic d.o.o.,55182,1
745,"Psihiatricna ambulanta Alenka Helena Petek, dr.med.",55010,1
746,"Psihiatricna in pedopsihiatricna ordinacija  Anja Reljic Princic, dr.med.",55183,1
698,PSIHIATRIČNA BOLNIŠNICA BEGUNJE,04131,1
677,PSIHIATRIČNA BOLNIŠNICA IDRIJA,10715,1
323,PSIHIATRIČNA BOLNIŠNICA ORMOŽ,07531,1
709,PSIHIATRIČNA BOLNIŠNICA VOJNIK,19290,1
1315,PUKLAVEC GROZNIK JANJA DR.DENT.MED. - ZASEBNA ZOBOZDRAVNICA,55088,1
1601,"PULMED, ambulanta za pljučne bolezni in alergije d.o.o.",01137,1
1585,Pulmedico d.o.o.,00492,1
313,PULMOLOŠKO INTERNISTICNA AMBULANTA DR.M.ŠADL,03371,1
1586,"Pulmovita, d.o.o.",00514,1
1332,Pupič-Gaberšek Vesna - DOKTOR STOMATOLOGIJE,31095,1
350,"PUSTOVRH BOJAN, dr.med. Zasebna spec. amb. za bolezni šc.in druge notranje bol",31031,1
1554,"R DENT, d.o.o.",00427,1
749,RADIOMED d.o.o.,20433,1
244,RCD d.o.o.,55026,1
559,"REMEDA, MEDICINSKI CENTER DOMŽALE D.O.O.",55046,1
1099,REPNIK NADA - ZASEBNA ZOBNA AMBULANTA,31027,1
942,Rogina Lidija (Zasebna Fizioterapija),20252,1
1450,"ROK-LAB, Zobozdravstvo, d.o.o.",27164,1
1331,Ronald Novak dr.dent.med. - Zasebna Zobozdravstvena Ambulanta,31162,1
1016,"SAMOTORČAN SLAVKO, dr.dent.med. - ZASEBNA ZOBNA AMBULANTA",25048,1
348,Sanabilis d.o.o.,20508,1
162,SANIDENT d.o.o. – ortodontija,31082,3
1431,Sanja Lucija Pečnik - Zobozdravniška ordinacija,24247,1
1225,"SANJA RAŠIĆ, DDM ZASEBNA ZOBOZDRAVSTVENA ORDINACIJA",55032,1
1380,Sanja Slade - Zasebna zobna ambulanta,20108,1
922,Sanlorem Sandra Jockovič,31331,1
1161,SANOS D.O.O.,27179,1
795,Sava Turizem d.d. – PE Terme 3000,00361,1
798,Sava Turizem d.d. – PE Terme Ptuj,15021,1
797,Sava Turizem d.d. – PE Zdravilišče Radenci,00460,1
1652,SI HARMONIJA d.o.o.,01127,1
1486,Siegl Vladimir - Zobozdravstvena ordinacija,24542,1
189,SIMED d.o.o. - zdravstvo,24830,2
364,Simonic Marta-zasebna internisticna in diabetološka ambulanta,20139,1
896,"Sirius, zasebna fizioterapija",20460,1
588,Slavec Tomaž - specialist oralne kirurgije,27018,1
1054,"SMEJKO, PETRA PRODAN ŠUMNIK, ZOBOZDRAVSTVO & ESTETIKA, D.O.O.",00070,1
750,"SONART, zdravstvene in druge storitve d.o.o.",55184,1
1002,SONJA ĐUKEZ DR.DENT.MED. ZASEBNA ZOBNA ORDINACIJA,31205,1
587,"SONOMED D.O.O. ALENKA SENICA KIRN, DR.MED",24972,1
1681,SP-DENT d.o.o.,01527,1
769,"Spec.ord. za maksilofacialno in oralno kirurgijo Borut Sotošek, dr.dent.med.",24242,1
753,"Specialisticna psihiatricna ordinacija Silvija Sotošek, dr.med.",24104,1
209,SPECIALISTIČNA IZVENBOLNIŠNIČNA ZDRAVSTVENA DEJAVNOST MILETA TRIPKOVIČ s.p.,20548,1
25,SPECIALISTIČNA ORTODONTSKA AMBULANTA HROVATIN d.o.o.,55055,1
247,"Specialistična pediatrična ordinacija Dora Jeler, dr.med.",24151,1
212,"SPECIALISTIČNA ZOBNA AMBULANTA Darij Novak, dr.dent.med.",03388,1
318,SPLOŠNA BOLNIŠNICA BREŽICE,00128,1
320,SPLOŠNA BOLNIŠNICA CELJE,02727,1
697,SPLOŠNA BOLNIŠNICA DR. FRANCA DERGANCA NOVA GORICA,00016,1
5,SPLOŠNA BOLNIŠNICA DR. JOŽETA POTRČA PTUJ,07644,1
802,SPLOŠNA BOLNIŠNICA IZOLA OSPEDALE GENERALE ISOLA,03821,1
369,SPLOŠNA BOLNIŠNICA JESENICE,04071,1
317,SPLOŠNA BOLNIŠNICA MURSKA SOBOTA,08664,1
1,SPLOŠNA BOLNIŠNICA NOVO MESTO,00374,1
324,SPLOŠNA BOLNIŠNICA SLOVENJ GRADEC,14450,1
321,SPLOŠNA BOLNIŠNICA TRBOVLJE,10001,1
248,Srce in ožilje d.o.o.,20150,1
1191,"Srednja šola za farmacijo, kozmetiko in zdravstvo,  Zobna ambulanta",22271,1
1213,STARDENT D.O.O.,27140,1
1647,"Staša Melink, dr. dent.med., spec. - program Jesenice",27257,2
1587,Stil d.o.o. Postojna,00537,1
1433,STIPES d.o.o.,20488,1
1569,Stomatologica d.o.o.,00805,1
1418,"Stomatološka ordinacija Janko E.Štefančič, dr.dent.med.",24173,1
1178,"Stomatološka ordinacija,  Simonka Rus, dr. dent. med.,  Ljubljana",24188,1
1669,"Stomatološka ordinacija-Martin Luka Malinger, dr.stom.",31153,1
1074,STRAŽIŠAR RADIĆ TANJA - PRIVATNA ZOBNA ORDINACIJA,27103,1
1283,STRLIČ IRIS - ZOBOZDRAVSTVENA ORDINACIJA,24306,1
1134,STRNIŠA ZORAN - DOKTOR STOMATOLOGIJE,19478,1
1356,Strosar Rozman Gabrijela - Zobna ambulanta za odrasle,24625,1
1445,STU-DENT d.o.o.,55033,1
754,STUDIO d.o.o.,24867,1
1034,"STUDIO ORALNEGA ZDRAVJA, DRUŽBA ZA STORITVE IN SVETOVANJE, D.O.O.",20610,1
1179,"STUDIO ZVK, Vladimir Kramberger, dr. dent. med, Murska Sobota",17080,1
755,SUPEREGO d.o.o.,25224,1
1499,"Svetovalni center za otroke, mladostnike in starše Ljubljana",10851,1
249,"Svetovanje dr. Kuhar, d.o.o.",55008,1
773,SŽ - ŽELEZNIŠKI ZDRAVSTVENI DOM LJUBLJANA,06501,2
1252,ŠMIGOC MOJCA DR.DENT.MED. - ZASEBNA ZOBNA ORDINACIJA,31154,1
1155,ŠUBELJ GREGORIČ HELENA - ZOBOZDRAVSTVENA ORDINACIJA,24432,1
6,Šubic diabetologija d.o.o.,20476,1
1321,ŠULER PATRICIJA - ZASEBNA ZOBNA AMBULANTA,31129,1
1564,T DENT d.o.o.,55244,1
1333,"Taja Dular Potočar, dr.dent.med., ZASEBNA ZOBOZDRAVSTVENA ORDINACIJA",55217,1
1653,"Tanja JEROMEL, dr. dent. med.",14592,1
1086,"TANJA NEDELJKOVIĆ, DR.DENT.MED., ZASEBNA ZOBNA ORDINACIJA",33100,1
1634,"TATALOVIČ, zobozdravstvo d.o.o.",29249,1
1667,"TEA DENT, zobozdravstvo",00879,1
1484,TECHDENS d.o.o.,24416,1
756,TEMZA d.o.o.,12822,1
1665,"TENDENT, d.o.o.",01187,1
985,"Terezija.Marina, zobozdravstvena dejavnost d.o.o.",17226,1
794,TERME ČATEŽ d.d.,02925,1
986,Terme Dobrna d.d.,02906,1
790,"TERME KRKA, d.o.o., Novo mesto - PE Dolenjske Toplice",09302,1
792,"TERME KRKA, d.o.o.,Novo mesto - PE Strunjan",09304,1
791,"TERME KRKA, d.o.o.,Novo mesto - PE Šmarješke Toplice",09303,1
1167,Terme Olimia d.d.,02921,1
1544,Terme Zreče,00076,1
842,THERMANA D.D.,02910,1
1668,"TJAŠA KOCJANČIČ S.P., FIZIOTERAPIJA",01285,1
1362,TODOROVIĆ D.dr.stom.,03334,1
978,"TOMAŽ DRAŽUMERIČ dr.dent.med., d.o.o.",20747,1
1017,"TOMAŽ LUKANOVIĆ, dr.dent.med. - ZOBOZDRAVNIK",55221,1
1308,Tomšič Arnaldo - Zobna ordinacija,24964,1
1369,Tomšič Tone - Zasebni zobozdravnik,24667,1
1059,"TOP-DENTAL, DRUŽBA ZA ZOBOZDRAVSTVENE STORITVE IN SVETOVANJE, D.O.O.",20609,1
592,"TOPMED, D.O.O.",20701,1
1135,"TOPZOB, ZOBOZDRAVSTVO ZA MLADINO IN ODRASLE, D.O.O.",20678,1
1307,Tozon Kristina - Zobozdravnica,24256,1
917,Trček Valerija - fizioterapija,24819,1
1330,Trifunac Velemir - Zasebna Zobna Ambulanta,20309,1
1581,TRITRG d.o.o.,00051,1
1352,TRŽAN-MAKOVEC d.o.o. -Makovec,55086,2
782,UKC LJUBLJANA - INŠTITUT ZA MEDICINSKO REHABILITACIJO,50018,1
800,"UKC LJUBLJANA - KLINIČNI INŠTITUT ZA MEDICINO DELA, PROMETA IN ŠPORTA",50017,1
325,UKC LJUBLJANA - KLINIKA ZA INFEKCIJSKE BOLEZNI IN VROČINSKA STANJA,50012,1
781,UKC LJUBLJANA - ORTOPEDSKA KLINIKA,50011,2
799,UKC LJUBLJANA - STOMATOLOŠKA KLINIKA,50008,1
303,UKC LJUBLJANA DERMATOVENEROLOŠKA KLINIKA,50013,1
300,UKC LJUBLJANA GINEKOLOŠKA KLINIKA,50006,1
304,UKC LJUBLJANA INTERNA KLINIKA,50003,1
780,UKC LJUBLJANA KIRURŠKA KLINIKA,50004,3
807,UKC Ljubljana Klinični inštitut za klinično kemijo in biokemijo,50014,1
793,UKC LJUBLJANA KLINIČNI INŠTITUT ZA MEDICINSKO GENETIKO,50076,1
1613,UKC LJUBLJANA KLINIČNI INŠTITUT ZA RADIOLOGIJO (KIR),50015,2
831,UKC LJUBLJANA KLINIKA ZA NUKLEARNO MEDICINO  Oddelek za bolezni ščitnice,50016,2
301,UKC LJUBLJANA KLINIKA ZA OTORINOLARINGOLOGIJO IN CERVIKOFACIALNO KIRURGIJO,50009,1
299,UKC LJUBLJANA NEVROLOŠKA KLINIKA,50005,1
302,UKC LJUBLJANA OCESNA KLINIKA,50010,1
372,UKC LJUBLJANA PEDIATRIČNA KLINIKA,50007,1
990,UKC LJUBLJANA SLUŽBA ZA RADIOLOGIJO (PEDIATRIJA),50082,1
757,"ULTRAKARDIO, Siniša Grujic, dr.med.,specialist",25266,1
250,Ultramedica d.o.o.,24441,1
370,UNIVERZITETNA KLINIKA ZA PLJUČNE BOLEZNI IN ALERGIJO GOLNIK,12307,1
693,UNIVERZITETNA PSIHIATRIČNA KLINIKA LJUBLJANA,11526,1
4,UNIVERZITETNI KLINIČNI CENTER MARIBOR,08051,1
205,UNIVERZITETNI REHABILITACIJSKI INŠTITUT REPUBLIKE SLOVENIJE - SOČA,10601,1
1478,"Urbančič Polonca, dr.dent.med. - Zobozdravstvo",55115,1
594,VAŠE ZDRAVJE ZDRAVSTVENE STORITVE D.O.O.,20468,1
1401,VAŠI ZOBJE D.O.O.-lokacija DRAVOGRAD,14652,2
595,"VELOG, Zdravstveni center, d.o.o. ",27008,1
562,VERBOTEN KOPRIVA RENATA - ORDINACIJA INTERNE MEDICINE,24192,1
975,"Vesna Šega Novak, dr.dent.med., Zasebna zobna ordinacija  ",24435,1
1411,Vial zobozdravstvene storitve d.o.o.,55020,1
210,VID d.o.o.,03390,1
261,VIDIM d.o.o.,31208,1
879,Vita center d.o.o.,27203,1
1614,Vitana d.o.o.,24465,1
899,Vivagib zasebna fizioterapija d.o.o.,20686,1
1264,VRAN MOJCA DR. DENT. MED. ZASEBNA ZOBNA ORDINACIJA,55104,1
1603,VRANKIČ d.o.o.,31241,1
1087,"VURCER, ZOBOZDRAVSTVENE STORITVE D.O.O.",17210,1
1687,WAHIBI d.o.o.,31342,1
1289,"ZA JAKOPOVIĆ GORDANA, DR.DENT.MED.",17134,1
1270,"ZA MLINAR NEVENKA, DR.MED.",33101,1
1019,"ZA Orešnik Žalig Marjeta,univ. dipl. psih., spec. klin. psih.",17064,1
1389,"ZA ŠOLINC LEONID, DR.DENT.MED.",24424,1
367,Zagode Pavel - privatna specialistična zobna ambulanta,19385,1
1371,Zajšek Peter - Zobozdravstvo,27035,1
1151,ZALIVKA D.O.O.,20489,1
1185,Zas. zob. ord. za odrasle in mladino Samo Spetič,25260,1
251,"Zasebna ambulanta za pljučne bolezni Alojz Horvat, dr.med.",17074,1
875,Zasebna fizioterapevtska ambulanta Helena Sok,17077,1
924,Zasebna fizioterapija d.o.o.   ,20722,1
911,Zasebna fizioterapija Irma Brus,24047,1
903,Zasebna fizioterapija Jožica Pohleven,20388,1
877,Zasebna fizioterapija Lea Oblak,27210,1
1539,ZASEBNA FIZIOTERAPIJA mag. SImona Videnšek,00331,1
905,Zasebna fizioterapija Maja Kovačič,20304,1
894,Zasebna fizioterapija Mirjam Mudlack,24980,1
866,"Zasebna fizioterapija Mršnik Tatjana, višja fizioterapevtka",20194,1
876,Zasebna fizioterapija Nada Brdnik,31234,1
860,Zasebna fizioterapija PALMA MANUS d.o.o.,55177,1
921,Zasebna fizioterapija s koncesijo Anela Šerifović,25352,1
892,Zasebna fizioterapija Valerija Pretnar Ramovš,27162,1
890,Zasebna fizioterapija Vida Sinjur,24153,1
1545,Zasebna ginekološka ambulanta Levak Hozjan Sonja,31066,1
556,"ZASEBNA INTERNISTICNA KARDIOLOŠKA AMBULANTA GUSTAV HODOŠCEK, DR.MED., SPEC.INT.",17155,1
578,"ZASEBNA INTERNISTICNO-PULMOLOŠKA AMBULANTA JASMINA PANJAN AVRAMOVIČ, DR.MED.,SPEC.INT.MED.",25283,1
775,Zasebna internistično pulmološka ambulanta dr.Kata Paun,29133,1
1173,Zasebna klinično psihološka ambulanta Vajd Ledinek,20570,1
560,"ZASEBNA OCESNA AMBULANTA LUDVIK KIRALY, DR.MED., SPEC. OFTALMOLOG",17163,1
1629,"zasebna ordinacija družinske medicine Muamer Mušić dr.med.,spec.druž.med.",01218,1
163,"Zasebna ordinacija Polonca Keršic, dr.dent.med., spec.",12885,1
1171,Zasebna ordinacija za klinično psihologijo Rojnik,24338,1
281,Zasebna ordinacija za zobno in čeljustno ortopedijo Irena Pišljar Božič,24146,1
253,"Zasebna ortopedska ambulanta Saša Kosovinc, dr.med.",24069,1
254,"Zasebna pedopsihiatrična ambulanta Nataša Potočnik Dajčman, dr.med.",20564,1
565,"ZASEBNA PSIHIATRICNA AMBULANTA DR. MATEJ KRAVOS, DR.MED., SPEC.PSIH.",20583,1
758,"Zasebna psihiatricna ambulanta Dušan Sudar, dr.med.",33080,1
567,"ZASEBNA PSIHIATRICNA AMBULANTA, LEBAN BREDA, DR.MED.,SPEC.PSIH.",33073,1
555,"ZASEBNA PSIHIATRICNA ORDINACIJA ISTVAN HAGYMAS, DR.MED., SPEC. PSIH.",17187,1
759,"Zasebna psihiatricna ordinacija Peter Kapš, dr.med.",29165,1
167,"Zasebna spec. amb. za zobno in celj. Ortopedijo Tadeja Kramaric-Cizmazija, dr.dent.med., spec.",17069,1
1190,Zasebna stomatološka ordinacija Nešković Danka,24367,1
591,"ZASEBNA ZDRAVNICA MAJDA KACJAN, DR.MED.SPEC.PSIHIATRIJE",24335,1
1268,"ZASEBNA ZOBNA AMBULANTA - ALEKSANDRA ŠRAMEL, DR. DENT. MED.",31264,1
1397,"Zasebna zobna ambulanta - Anja Trobec, dr.dent.med",31178,1
979,Zasebna zobna ambulanta - Darinka Juhart,31126,1
1253,"ZASEBNA ZOBNA AMBULANTA ALENKA MANDIĆ, DR.DENT.MED.",31216,1
1416,Zasebna zobna ambulanta Cankova - Petrovič Mirjana,17128,1
1277,"ZASEBNA ZOBNA AMBULANTA ČEDOMIR CESAREC, DR.DENT.MED.",19479,1
1095,"ZASEBNA ZOBNA AMBULANTA DANICA AUŽNER ŠKORJANC, DR.DENT.MED.",31068,1
1649,ZASEBNA ZOBNA AMBULANTA dr. IRENA DRENIK,19365,1
1354,Zasebna zobna ambulanta Ivan Matek,31106,1
1482,ZASEBNA ZOBNA AMBULANTA KIRIL KORNAKOV DR.DENT.MED.,17206,1
1051,"ZASEBNA ZOBNA AMBULANTA MARKO KOSMAČ, DR.DENT.MED.",33068,1
1335,"Zasebna zobna ambulanta Nika Podbregar, dr.dent.med.",31188,1
168,"Zasebna zobna ambulanta Niko Lavrencic, dr.dent.med., spec.",19391,1
1566,Zasebna zobna ambulanta Nikola Potočnik,19357,1
1519,"Zasebna zobna ambulanta Saša Dolar Petelinšek, s.p.",31287,1
1345,Zasebna zobna ambulanta Strahovnik Matej dr.dent.med.,31062,1
1409,Zasebna zobna ambulanta Testen Aleksander,31022,1
1327,Zasebna zobna ambulanta Tošić Zorica,20308,1
1027,"ZASEBNA ZOBNA AMBULANTA VERŽEJ, ALENKA VIDOVIČ DR. DENT.MED.",17204,1
1641,Zasebna zobna ambulanta Vezočnik Erika,31105,1
1348,"Zasebna zobna ambulanta za odrasle Kelaidis George, dr.dent.med.",14615,1
1415,"Zasebna zobna ambulanta Zoran Ribič, dr.dent.med.",20597,1
980,ZASEBNA ZOBNA ORDINACIJA - BOJANA DEBELJAK DANIELOV DR. DENT. MED.,31237,1
1374,Zasebna zobna ordinacija - Nikolić Liljana,19427,1
1648,Zasebna zobna ordinacija Bojan Smajila,31130,1
1097,ZASEBNA ZOBNA ORDINACIJA DENTI MARJAN JOŽEF DR. DENT. MED.,29254,1
1382,Zasebna zobna ordinacija Drofenik Marko Jožef,20732,1
1347,Zasebna zobna ordinacija Emilija Živković dr.dent.med.,14629,1
1096,"ZASEBNA ZOBNA ORDINACIJA GREGOR MAVČIČ, DR. DENT. MED.",27216,1
1428,ZASEBNA ZOBNA ORDINACIJA GROBOLJŠEK ROMAN,31125,1
1355,Zasebna zobna ordinacija Helena Konobelj,27225,1
1301,"Zasebna zobna ordinacija Nuša Zadel, dr.dent.med.",00014,1
1325,Zasebna zobna ordinacija Poljšak Alenka,33062,1
1441,"Zasebna zobna ordinacija Povše Zlatko, dr.dent.med.",29164,1
1360,"Zasebna zobna ordinacija Simona Jug Mehle, dr.dent.med.",31166,1
1491,"ZASEBNA ZOBNA ORDINACIJA Vrabl Niko, dr.dent.med.",31189,1
967,"Zasebna zobna ordinacija, Lužnik Peter, dr. dent. med.",14558,1
1349,"Zasebna zobozdravnica Damjana Kelaidis, dr.dent.med.",14654,1
1176,Zasebna zobozdravniška ordinacija Sarič Dubravko,24955,1
1170,Zasebna zobozdravniška ordinacija Sarič Ljiljana,24797,1
1126,"ZASEBNA ZOBOZDRAVNIŠKA ORDINACIJA ZA ODRASLE ALOJZ RENČELJ, DR.DENT.MED",27039,1
1502,Zasebna zobozdravstvena ambulanta Barbara Pirher,00228,1
1267,ZASEBNA ZOBOZDRAVSTVENA AMBULANTA JUDITA KIŠ ZUPANC,31235,1
1082,"ZASEBNA ZOBOZDRAVSTVENA AMBULANTA VESNA FUŽIR URBANČIČ, DR.DENT.MED.",24492,1
1563,Zasebna zobozdravstvena ordinacija Anja Šetar s.p.,00601,1
1105,"ZASEBNA ZOBOZDRAVSTVENA ORDINACIJA JANKA GORENEC, DR. DENT. MED.",29210,1
1121,"ZASEBNA ZOBOZDRAVSTVENA ORDINACIJA RENATA OSTANEK ULE, DR. DENT. MED.",29209,1
1294,Zasebna zobozdravstvena ordinacija Sergej Olujić,55134,1
1172,Zasebna zobozdravstvena ordinacija Valentić,24071,1
1480,"Zasebna zobozdravstvena ordinacija Velimir Klarić, dr.dent.med.",24361,1
1437,"Zasebna zobozdravstvena ordinacija Zvonko Romozi, dr.dent.med.",29234,1
1139,"ZASEBNI ZDRAVSTVENI ZAVOD BRUNO VOJNOVIĆ, DR.DENT.MED.",27224,1
998,Zasebni zdravstveni zavod MARC,25208,1
762,Zasebni zdravstveni zavod Neurovita,55083,1
165,Zasebni zdravstveni zavod ORTHODONTIO,25209,1
1070,"ZASEBNI ZOBOZDRAVSTVENI ZAVOD, LAPČEVIČ VLADO, DR.DENT.MED.",27209,1
1628,"ZATE, zobna ambulanta in druge storitve, d.o.o.",20743,1
255,Zavod Apolon,33074,1
1583,ZAVOD FITLAB,55270,1
266,Zavod inštitut za avtizem in sorodnje motnje,55198,1
563,ZAVOD PULMORADIX,14649,1
586,ZAVOD REVITA,04950,1
1530,"ZAVOD VERGINA -Dime Sapundžiev, dr.dent.med.,spec.",00318,1
845,ZAVOD ZA GLUHE IN NAGLUŠNE LJUBLJANA,12635,1
363,ZD KRŠKO,09101,2
844,ZD LAŠKO,02326,1
1280,ZD RADEČE,02968,2
262,Zdrav splet d.o.o.,20514,1
1410,"Zdravi zobje, d.o.o.",20605,1
1551,"Zdravstvene storitve, Jure Volk s.p.",00707,1
764,Zdravstveni center Dravlje d.o.o.,24319,1
257,Zdravstveni center Flis d.o.o.,20696,1
919,ZDRAVSTVENI CENTER LORENA d.o.o. ,24908,1
326,ZDRAVSTVENI DOM AJDOVŠČINA,00130,1
353,ZDRAVSTVENI DOM BREŽICE,00100,1
858,ZDRAVSTVENI DOM CELJE – Diagnostična obravnava,02131,3
287,ZDRAVSTVENI DOM ČRNOMELJ-fizioterapija in ostale dejavnosti na sekundarnem nivoju brez zobozdravstva,00370,2
678,ZDRAVSTVENI DOM DOMŽALE,10201,2
306,ZDRAVSTVENI DOM DR. ADOLFA DROLCA MARIBOR,07883,1
260,ZDRAVSTVENI DOM DR. BOŽIDARJA LAVRIČA - CERKNICA,06831,1
852,Zdravstveni dom dr. Franca Ambrožiča Postojna - Zobozdravstvo,03613,2
290,ZDRAVSTVENI DOM DR. JANEZA ORAŽMA RIBNICA,06830,1
312,ZDRAVSTVENI DOM DR. JOŽETA POTRATE ŽALEC,02641,1
708,ZDRAVSTVENI DOM DR. JULIJA POLCA KAMNIK,10321,1
704,ZDRAVSTVENI DOM DRAVOGRAD,14001,1
706,ZDRAVSTVENI DOM GORNJA RADGONA,00350,1
359,ZDRAVSTVENI DOM GROSUPLJE,05750,2
965,ZDRAVSTVENI DOM HRASTNIK,07201,1
294,ZDRAVSTVENI DOM IDRIJA,06931,1
295,ZDRAVSTVENI DOM ILIRSKA BISTRICA,03561,1
360,ZDRAVSTVENI DOM IVANČNA GORICA,05844,2
964,Zdravstveni dom Izola,03481,1
805,ZDRAVSTVENI DOM JESENICE,04201,2
293,ZDRAVSTVENI DOM KOČEVJE,06651,2
376,ZDRAVSTVENI DOM KOPER CASA DELLA SANITA CAPODISTRIA,03401,1
958,Zdravstveni dom Lenart,08025,2
705,ZDRAVSTVENI DOM LENDAVA - EGESZSEGHAZ LENDVA,00351,1
1631,ZDRAVSTVENI DOM LITIJA,10401,2
691,ZDRAVSTVENI DOM LJUBLJANA - BEŽIGRAD,05030,1
688,ZDRAVSTVENI DOM LJUBLJANA - CENTER,05150,1
687,ZDRAVSTVENI DOM LJUBLJANA - MOSTE - POLJE,05300,1
837,ZDRAVSTVENI DOM LJUBLJANA - ŠENTVID,05469,1
690,ZDRAVSTVENI DOM LJUBLJANA - ŠIŠKA,05470,1
689,ZDRAVSTVENI DOM LJUBLJANA - VIČ - RUDNIK,05600,1
803,ZDRAVSTVENI DOM LJUTOMER,00352,1
288,ZDRAVSTVENI DOM LOGATEC,07001,1
327,ZDRAVSTVENI DOM MEDVODE,50501,2
354,ZDRAVSTVENI DOM METLIKA,00371,1
699,ZDRAVSTVENI DOM MURSKA SOBOTA,00353,1
329,ZDRAVSTVENI DOM NOVO MESTO,00372,1
373,ZDRAVSTVENI DOM ORMOŽ,07501,1
806,ZDRAVSTVENI DOM PIRAN POLIAMBULATORIO PIRANO,03521,1
245,"Zdravstveni dom Postojna, Sanomed d.o.o.",25289,1
362,ZDRAVSTVENI DOM PTUJ,07715,1
680,ZDRAVSTVENI DOM RADLJE OB DRAVI,14041,2
330,ZDRAVSTVENI DOM RAVNE NA KOROŠKEM,14141,1
357,ZDRAVSTVENI DOM SEVNICA,02371,2
291,ZDRAVSTVENI DOM SEŽANA,03681,2
710,ZDRAVSTVENI DOM SLOVENJ GRADEC,14300,1
361,ZDRAVSTVENI DOM SLOVENSKA BISTRICA,07557,1
311,ZDRAVSTVENI DOM SLOVENSKE KONJICE,02416,2
983,Zdravstveni dom Šentjur,02486,2
358,ZDRAVSTVENI DOM ŠMARJE PRI JELŠAH,02546,2
333,ZDRAVSTVENI DOM TOLMIN,00133,1
603,ZDRAVSTVENI DOM TRBOVLJE TRBOVLJE,07317,1
774,ZDRAVSTVENI DOM TREBNJE,00373,1
377,ZDRAVSTVENI DOM VELENJE,09502,1
683,ZDRAVSTVENI DOM VRHNIKA,07071,1
331,ZDRAVSTVENI DOM ZA ŠTUDENTE UNIVERZE V LJUBLJANI,05900,1
695,ZDRAVSTVENI DOM ZAGORJE OB SAVI,07381,1
612,ZDRAVSTVENI DOM ZOBOZDRAVSTVENO VARSTVO NOVA GORICA,00132,1
694,ZDRAVSTVENI DOM-OSNOVNO VARSTVO NOVA GORICA,00131,1
1094,ZDRAVSTVENI ZAVOD ARTDENT BLED,27258,1
1326,ZDRAVSTVENI ZAVOD BELDENT IZOLA,25294,1
810,Zdravstveni zavod Bem,25271,1
765,Zdravstveni zavod Celjenje Koper,25267,1
1351,ZDRAVSTVENI ZAVOD DENTAN KOPER,25326,1
1124,ZDRAVSTVENI ZAVOD DENTARTES KOPER,25325,1
1573,Zdravstveni zavod Dentes Portorož,25281,1
1572,ZDRAVSTVENI ZAVOD DENTOR,27252,1
256,Zdravstveni zavod Dermoestetika Izola,25272,1
548,ZDRAVSTVENI ZAVOD FAGANELJ BUT MARIBOR,20547,1
211,Zdravstveni zavod Fiziatrija Izola,25270,1
766,Zdravstveni zavod Furlan Ljubljana,55218,1
1343,Zdravstveni zavod implant dent Izola,25311,1
282,Zdravstveni zavod Juretić Jadranka Portorož,25282,1
1211,ZDRAVSTVENI ZAVOD MARKDENS KOPER,25327,1
767,ZDRAVSTVENI ZAVOD MEDICINSKI CENTER ŠINIGOJ ,33087,1
1008,"ZDRAVSTVENI ZAVOD MIRADENT KOPER Mirjana Tavčar, dr.dent.med.",25345,1
1571,ZDRAVSTVENI ZAVOD ODONTO HRPELJE,25329,1
197,ZDRAVSTVENI ZAVOD ORTODONTIJA VALANT,55167,1
768,Zdravstveni zavod Reschner,55043,1
1013,"ZDRAVSTVENI ZAVOD V. DENS IZOLA Verdan Vidaković, dr.dent.med.",25302,1
1041,ZDRAVSTVENI ZAVOD VARIX KOPER,25324,1
259,ZDRAVSTVENI ZAVOD ZDRAVJE,12867,1
158,Zdravstveni zavod Zobovilka Koper,25296,1
368,"ZDRAVSTVO BERIC, D.O.O.",20677,1
1111,ZEVNIK LEBEN MIHAELA - ZASEBNA ZOBOZDRAVSTVENA ORDINACIJA ZA ODRASLE,24262,1
1673,"ZGODBE NASMEHOV, d.o.o.",00980,1
328,ZGORNJESAVINJSKI ZDRAVSTVENI DOM NAZARJE,09721,1
1487,ZOB d.o.o.,24226,1
1598,Zob Slavec d.o.o.,01154,1
1420,ZOBARNICA d.o.o.,20611,1
969,"Zobek, d.o.o.",20487,1
1210,ZOBNA AMBULANTA - GLINTIĆ NEBOJŠA,25191,1
981,ZOBNA AMBULANTA - RITUPER BOJNEC MIRA,17121,1
1361,"ZOBNA AMBULANTA ANDREJ DEVETAK, DR.DENT.MED.",03950,1
1305,"Zobna ambulanta Brezje, Sabina Ajdnik, dr.dent.med.",20596,1
1664,Zobna ambulanta Cirkovce,20531,1
1370,Zobna ambulanta Darja Prešern,20517,1
1368,"ZOBNA AMBULANTA dr. KURILJ, d.o.o.",20707,1
1309,ZOBNA AMBULANTA FILIPOVIĆ d.o.o.,33125,1
1427,"Zobna ambulanta Jože Vukan, dr.dent.med.",17222,1
213,Zobna ambulanta Kostanjšek,25018,1
1265,ZOBNA AMBULANTA KREUTZ D.O.O.,27241,1
1078,"ZOBNA AMBULANTA MAKOLE MIROSLAV KOVAČIČ, DR. DENT. MED.",20462,1
1098,"ZOBNA AMBULANTA MAŠA OSTAŠEVSKI POZNE, DR. DENT. MED.",20524,1
1405,"ZOBNA AMBULANTA MIRKO LUKAČ, DR.DENT.MED.",17102,1
1079,"ZOBNA AMBULANTA MOJCA GREGORIČ KOVAČIČ, DR.DENT.MED.",20516,1
1004,"ZOBNA AMBULANTA RIHARD KULČAR, de.dent.med.",17097,1
1039,ZOBNA AMBULANTA S KONCESIJO DEKANI HELENA POLES DR.DENT.MED.,25253,1
1066,"ZOBNA AMBULANTA TREIBER PLEH ESTERA, DR.DENT.MED.",17148,1
1131,"ZOBNA AMBULANTA ZA ODRASLE ŠUČUR VERICA, DR. DENT. MED.",20316,1
1639,"ZOBNA AMBULANTA, MANJA CIGLER, DR.DENT.MED.",14633,1
1193,Zobna ordinacija - Zaplatil Jana,12969,1
1378,Zobna ordinacija Bojana Vočanec d.o.o. - lokacija Sladki Vrh,00048,2
1638,"ZOBNA ORDINACIJA FABJAN - TINA FABJAN, DR.DENT.MED.",31242,1
1158,ZOBNA ORDINACIJA GORKIČ D.O.O.,33108,1
1623,Zobna ordinacija Irdens d.o.o.,00987,1
1212,"ZOBNA ORDINACIJA MATEJ HASAJ, DR. DENT. MED.",20726,1
999,"Zobna ordinacija Meta Česnik, dr.dent.med.",25330,1
1249,"ZOBNA ORDINACIJA, BARBARA RAŽEN S.P.",55156,1
1625,"ZOBNA VILA BL, zobozdravstvena dejavnost, d.o.o.",01195,1
970,Zobna vila d.o.o.,31273,1
1101,"ZOBNA, ZOBOZDRAVSTVENA DEJAVNOST, D.O.O.",24353,1
202,ZOBNI ATELJE d.o.o.,20608,1
200,ZoboEstetika d.o.o.,29260,1
1449,ZOBOMIŠKA - Zasebna zobna ambulanta ,29204,1
1152,ZOBOZDRAVNIKRECELJ.SI,29207,1
1125,ZOBOZDRAVSTVENA AMBULANTA ZA ODRASLE IVANA KOMES DR. DENT. MED.,20573,1
1022,"ZOBOZDRAVSTVENA DEJAVNOST, KRISTINA ZIGANTE DR.DENT.MED.",25303,1
1688,Zobozdravstvena ordinacija - Oblak-Zdolšek Janja dr.dent.med.,24491,1
1323,Zobozdravstvena ordinacija Andrejka Urbančič Pevc,24239,1
996,"Zobozdravstvena ordinacija David Bizjak, dr.dent.med.",27144,1
1376,"ZOBOZDRAVSTVENA ORDINACIJA KOŠAK MARINA, dr. dent. med.",24118,1
1578,Zobozdravstvena ordinacija Marko Mole,24430,1
1037,ZOBOZDRAVSTVENA ORDINACIJA NIELS UDIR DR.DENT.MED.,27233,1
1381,Zobozdravstvena ordinacija Rotar Tomaž,27141,1
1575,Zobozdravstvena ordinacija Tomaž Banko,24429,1
1662,"Zobozdravstvene storitve, Jana Bregar, s.p.",01262,1
1367,Zobozdravstveni center Babit d.o.o.,12968,1
1574,"Zobozdravstveni center Javh, d.o.o.",27250,1
1250,"ZOBOZDRAVSTVENI ZAVOD D IN G KOPER, PE Zobna ambulanta za odrasle Zagorje ob Savi",25333,1
1048,ZOBOZDRAVSTVENI ZAVOD DOKTOR GOLČER,20434,1
1023,ZOBOZDRAVSTVENI ZAVOD G DENT KOPER,25335,1
973,ZOBOZDRAVSTVENI ZAVOD MEDICADENS ŠKORJA SORIĆ,25343,1
1003,"ZOBOZDRAVSTVENI ZAVOD SOK ZLATKO SOK, dr.dent.med.20537",20537,1
1434,Zobozdravstveni zavod Vertačnik,31182,1
1306,"Zobozdravstvo Benedek, d.o.o.",31296,1
1365,ZOBOZDRAVSTVO CIZERL d.o.o.,20714,1
1612,"Zobozdravstvo Dentea, Mateja Krivograd Verhnjak s.p.",00138,1
1091,ZOBOZDRAVSTVO DRGANC - ŠTORMAN D.O.O.,29168,1
1636,"Zobozdravstvo Fras, Roman Fras s.p.",00887,1
1666,"ZOBOZDRAVSTVO GRABAR, zobozdravstvene in druge storitve d.o.o.",01231,1
1632,"ZOBOZDRAVSTVO JUDEŽ, zobozdravstvene storitve d.o.o.",01226,1
1007,"ZOBOZDRAVSTVO KARKOS - MATEJA KARLIN SAMBOLEC, dr.dent.med.",24925,1
1509,"Zobozdravstvo Košorok, Tomaž Košorok s.p.",00241,1
1645,Zobozdravstvo Kozina d.o.o.,55025,1
1596,"ZOBOZDRAVSTVO KRIŽNAR, zobozdravstvene storitve, d.o.o.",00543,1
1676,ZOBOZDRAVSTVO LUKAN d.o.o.,20687,1
1076,ZOBOZDRAVSTVO MAJA JAMŠEK STARC,55259,1
1597,Zobozdravstvo Matevžič d.o.o.,01174,1
1049,ZOBOZDRAVSTVO MUC ZOBOZDRAVSTVENA DEJAVNOST D.O.O.,29220,1
176,"ZOBOZDRAVSTVO OBLAK d.o.o.,podružnica Ljubljana-implantološk",27131,1
1439,Zobozdravstvo odraslih Palič Andreja,29015,1
593,"ZOBOZDRAVSTVO TURK, ORTODONTSKA IN ZOBOZDRAVSTVENA ORDINACIJA, D.O.O.",20626,1
1413,ZOBOZDRAVSTVO VIHER d.o.o.,20619,1
1342,Zobozdravstvo Vika Vodovnik d.o.o.,33121,1
1084,"ZO-LA, ZOBOZDRAVSTVO LAZAREVIĆ, D.O.O.",17239,1
1481,Zupet Žnidaršič Polona - Zasebna zobna ordinacija,24184,1
1552,"ZZ ARSMED-ORTODONTIJA SEŽANA - Tanja Lah Kržin, dr.dent.med., spec.",00429,1
995,ZZZ DR. MALE,20438,1
994,ZZZ DR. MALE,20599,1
1222,"Žižek Albina, dr. dent. m",20656,1
